-- phpMyAdmin SQL Dump
-- version 4.5.1
-- http://www.phpmyadmin.net
--
-- Client :  127.0.0.1
-- Généré le :  Mer 15 Novembre 2017 à 16:27
-- Version du serveur :  10.1.19-MariaDB
-- Version de PHP :  7.0.13

SET SQL_MODE = "NO_AUTO_VALUE_ON_ZERO";
SET time_zone = "+00:00";


/*!40101 SET @OLD_CHARACTER_SET_CLIENT=@@CHARACTER_SET_CLIENT */;
/*!40101 SET @OLD_CHARACTER_SET_RESULTS=@@CHARACTER_SET_RESULTS */;
/*!40101 SET @OLD_COLLATION_CONNECTION=@@COLLATION_CONNECTION */;
/*!40101 SET NAMES utf8mb4 */;

--
-- Base de données :  `neozorus`
--

-- --------------------------------------------------------

--
-- Structure de la table `abilite`
--

CREATE TABLE `abilite` (
  `a_id` int(11) NOT NULL,
  `a_libelle` varchar(60) DEFAULT NULL,
  `a_description` mediumtext
) ENGINE=InnoDB DEFAULT CHARSET=utf8;

--
-- Contenu de la table `abilite`
--

INSERT INTO `abilite` (`a_id`, `a_libelle`, `a_description`) VALUES
(1, 'Bouclier', 'L’adversaire sera obligé d’attaquer en premier les serviteurs dotés de Bouclier. Cependant, il est possible de choisir une cible entre plusieurs créatures avec Provocation.'),
(2, 'Pioche1', 'Pioche une carte'),
(3, 'Pioche2', 'Pioche deux cartes');

-- --------------------------------------------------------

--
-- Structure de la table `carte`
--

CREATE TABLE `carte` (
  `c_id` int(11) NOT NULL,
  `c_libelle` varchar(60) DEFAULT NULL,
  `c_type` varchar(60) DEFAULT NULL,
  `c_puissance` int(11) DEFAULT NULL,
  `c_pvMax` int(11) DEFAULT NULL,
  `c_mana` int(11) DEFAULT NULL,
  `c_personnage_fk` int(11) DEFAULT NULL
) ENGINE=InnoDB DEFAULT CHARSET=utf8;

--
-- Contenu de la table `carte`
--

INSERT INTO `carte` (`c_id`, `c_libelle`, `c_type`, `c_puissance`, `c_pvMax`, `c_mana`, `c_personnage_fk`) VALUES
(1, 'TRINITY', 'sort', 1, NULL, 1, 1),
(2, 'MORPHEUS', 'sort', 4, NULL, 3, 1),
(3, 'L''ORACLE', 'sort', 6, NULL, 5, 1),
(4, 'L''AGENT SMITH', 'creature', 2, 1, 1, 1),
(5, 'LE MAÎTRE DES CLEFS', 'creature', 2, 3, 2, 1),
(6, 'CYPHER', 'creature', 5, 3, 3, 1),
(7, 'LES TWINS', 'creature', 2, 4, 4, 1),
(8, 'NIOBE', 'creature', 7, 5, 5, 1),
(9, 'L''ARCHITECTE', 'creature', 8, 6, 7, 1),
(10, 'LE FEMME EN ROUGE', 'creature', 1, 3, 1, 1),
(11, 'SENTINELLE', 'creature', 3, 6, 3, 1),
(12, 'LE CHAT NOIR', 'speciale', 9, 9, 9, 1),
(13, 'PARASAUROLOPHUS', 'sort', 2, NULL, 1, 2),
(14, 'TRICÉRATOPS', 'sort', 5, NULL, 3, 2),
(15, 'PTERODACTYL', 'sort', 7, NULL, 5, 2),
(16, 'KRONOSAURUS', 'creature', 1, 1, 1, 2),
(17, 'PROTOCERATOPS', 'creature', 2, 3, 2, 2),
(18, 'BRACHIOSAURE', 'creature', 4, 3, 3, 2),
(19, 'DILOPHOSAURE', 'creature', 2, 4, 4, 2),
(20, 'SPINOSAURE', 'creature', 6, 5, 5, 2),
(21, 'PACHYCEPHALOSAURUS', 'creature', 8, 6, 7, 2),
(22, 'ANKYLOSAURE', 'creature', 1, 3, 1, 2),
(23, 'ELASMASAURUS', 'creature', 3, 6, 3, 2),
(24, 'RAPTOR JESUS', 'speciale', 9, 9, 9, 2);

-- --------------------------------------------------------

--
-- Structure de la table `c_a_inclure`
--

CREATE TABLE `c_a_inclure` (
  `c_a_abilite_fk` int(11) NOT NULL,
  `c_a_carte_fk` int(11) NOT NULL
) ENGINE=InnoDB DEFAULT CHARSET=utf8;

--
-- Contenu de la table `c_a_inclure`
--

INSERT INTO `c_a_inclure` (`c_a_abilite_fk`, `c_a_carte_fk`) VALUES
(1, 10),
(1, 11),
(1, 22),
(1, 23),
(2, 8),
(2, 18),
(3, 2),
(3, 11),
(3, 14),
(3, 20);

-- --------------------------------------------------------

--
-- Structure de la table `deck`
--

CREATE TABLE `deck` (
  `d_id` int(11) NOT NULL,
  `d_libelle` varchar(60) NOT NULL,
  `d_nbMaxCarte` int(11) DEFAULT NULL,
  `d_personnage_fk` int(11) DEFAULT NULL,
  `d_user_fk` int(11) DEFAULT NULL,
  `d_waiting` tinyint(1) NOT NULL DEFAULT '0'
) ENGINE=InnoDB DEFAULT CHARSET=utf8;

--
-- Contenu de la table `deck`
--

INSERT INTO `deck` (`d_id`, `d_libelle`, `d_nbMaxCarte`, `d_personnage_fk`, `d_user_fk`, `d_waiting`) VALUES
(1, 'Matrix', 20, 1, 1, 0),
(2, 'Dino', 20, 2, 2, 0),
(3, 'DeckMatrix', 20, 1, 7, 1),
(4, 'DeckDino', 20, 2, 8, 1);

-- --------------------------------------------------------

--
-- Structure de la table `d_c_inclure`
--

CREATE TABLE `d_c_inclure` (
  `d_c_nbExemplaire` int(11) DEFAULT NULL,
  `d_c_deck_fk` int(11) NOT NULL,
  `d_c_carte_fk` int(11) NOT NULL
) ENGINE=InnoDB DEFAULT CHARSET=utf8;

--
-- Contenu de la table `d_c_inclure`
--

INSERT INTO `d_c_inclure` (`d_c_nbExemplaire`, `d_c_deck_fk`, `d_c_carte_fk`) VALUES
(1, 1, 1),
(1, 1, 2),
(1, 1, 3),
(2, 1, 4),
(2, 1, 5),
(2, 1, 6),
(2, 1, 7),
(2, 1, 8),
(2, 1, 9),
(2, 1, 10),
(2, 1, 11),
(1, 1, 12),
(1, 2, 13),
(1, 2, 14),
(1, 2, 15),
(2, 2, 16),
(2, 2, 17),
(2, 2, 18),
(2, 2, 19),
(2, 2, 20),
(2, 2, 21),
(2, 2, 22),
(2, 2, 23),
(1, 2, 24),
(1, 3, 1),
(1, 3, 2),
(1, 3, 3),
(2, 3, 4),
(2, 3, 5),
(2, 3, 6),
(2, 3, 7),
(2, 3, 8),
(2, 3, 9),
(2, 3, 10),
(2, 3, 11),
(1, 3, 12),
(1, 4, 13),
(1, 4, 14),
(1, 4, 15),
(2, 4, 16),
(2, 4, 17),
(2, 4, 18),
(2, 4, 19),
(2, 4, 20),
(2, 4, 21),
(2, 4, 22),
(2, 4, 23),
(1, 4, 24);

-- --------------------------------------------------------

--
-- Structure de la table `game`
--

CREATE TABLE `game` (
  `g_id` int(20) NOT NULL,
  `g_data` text NOT NULL,
  `g_player1` int(11) NOT NULL,
  `g_player2` int(11) NOT NULL,
  `g_running` tinyint(1) NOT NULL DEFAULT '0'
) ENGINE=InnoDB DEFAULT CHARSET=latin1;

--
-- Contenu de la table `game`
--

INSERT INTO `game` (`g_id`, `g_data`, `g_player1`, `g_player2`, `g_running`) VALUES
(1, 'O:14:"GameController":9:{s:18:"\0GameController\0id";s:1:"1";s:23:"\0GameController\0players";a:2:{i:0;O:6:"Joueur":9:{s:10:"\0Joueur\0id";s:1:"7";s:12:"\0Joueur\0deck";O:8:"GameDeck":3:{s:12:"\0GameDeck\0id";s:1:"3";s:16:"\0GameDeck\0cartes";a:20:{i:0;O:8:"GameCard":12:{s:12:"\0GameCard\0id";s:2:"11";s:14:"\0GameCard\0type";s:8:"creature";s:19:"\0GameCard\0puissance";s:1:"3";s:15:"\0GameCard\0pvMax";s:1:"6";s:14:"\0GameCard\0mana";s:1:"3";s:17:"\0GameCard\0abilite";a:2:{i:0;s:1:"1";i:1;s:1:"3";}s:12:"\0GameCard\0pv";i:0;s:22:"\0GameCard\0localisation";i:2;s:16:"\0GameCard\0indice";i:2;s:14:"\0GameCard\0path";s:36:".\\assets\\img\\gabarit\\creature\\11.png";s:16:"\0GameCard\0active";i:0;s:17:"\0GameCard\0visable";i:1;}i:1;O:8:"GameCard":12:{s:12:"\0GameCard\0id";s:1:"7";s:14:"\0GameCard\0type";s:8:"creature";s:19:"\0GameCard\0puissance";s:1:"2";s:15:"\0GameCard\0pvMax";s:1:"4";s:14:"\0GameCard\0mana";s:1:"4";s:17:"\0GameCard\0abilite";a:1:{i:0;i:0;}s:12:"\0GameCard\0pv";s:1:"4";s:22:"\0GameCard\0localisation";i:2;s:16:"\0GameCard\0indice";i:2;s:14:"\0GameCard\0path";s:35:".\\assets\\img\\gabarit\\creature\\7.png";s:16:"\0GameCard\0active";i:0;s:17:"\0GameCard\0visable";i:1;}i:2;O:8:"GameCard":12:{s:12:"\0GameCard\0id";s:1:"9";s:14:"\0GameCard\0type";s:8:"creature";s:19:"\0GameCard\0puissance";s:1:"8";s:15:"\0GameCard\0pvMax";s:1:"6";s:14:"\0GameCard\0mana";s:1:"7";s:17:"\0GameCard\0abilite";a:1:{i:0;i:0;}s:12:"\0GameCard\0pv";s:1:"6";s:22:"\0GameCard\0localisation";i:2;s:16:"\0GameCard\0indice";i:1;s:14:"\0GameCard\0path";s:35:".\\assets\\img\\gabarit\\creature\\9.png";s:16:"\0GameCard\0active";i:0;s:17:"\0GameCard\0visable";i:1;}i:3;O:8:"GameCard":12:{s:12:"\0GameCard\0id";s:1:"5";s:14:"\0GameCard\0type";s:8:"creature";s:19:"\0GameCard\0puissance";s:1:"2";s:15:"\0GameCard\0pvMax";s:1:"3";s:14:"\0GameCard\0mana";s:1:"2";s:17:"\0GameCard\0abilite";a:1:{i:0;i:0;}s:12:"\0GameCard\0pv";s:1:"3";s:22:"\0GameCard\0localisation";i:2;s:16:"\0GameCard\0indice";i:2;s:14:"\0GameCard\0path";s:35:".\\assets\\img\\gabarit\\creature\\5.png";s:16:"\0GameCard\0active";i:0;s:17:"\0GameCard\0visable";i:1;}i:4;O:8:"GameCard":12:{s:12:"\0GameCard\0id";s:2:"12";s:14:"\0GameCard\0type";s:8:"speciale";s:19:"\0GameCard\0puissance";s:1:"9";s:15:"\0GameCard\0pvMax";s:1:"9";s:14:"\0GameCard\0mana";s:1:"9";s:17:"\0GameCard\0abilite";a:1:{i:0;i:0;}s:12:"\0GameCard\0pv";s:1:"9";s:22:"\0GameCard\0localisation";i:2;s:16:"\0GameCard\0indice";i:1;s:14:"\0GameCard\0path";s:36:".\\assets\\img\\gabarit\\speciale\\12.png";s:16:"\0GameCard\0active";i:0;s:17:"\0GameCard\0visable";i:1;}i:5;O:8:"GameCard":12:{s:12:"\0GameCard\0id";s:1:"5";s:14:"\0GameCard\0type";s:8:"creature";s:19:"\0GameCard\0puissance";s:1:"2";s:15:"\0GameCard\0pvMax";s:1:"3";s:14:"\0GameCard\0mana";s:1:"2";s:17:"\0GameCard\0abilite";a:1:{i:0;i:0;}s:12:"\0GameCard\0pv";s:1:"3";s:22:"\0GameCard\0localisation";i:2;s:16:"\0GameCard\0indice";i:1;s:14:"\0GameCard\0path";s:35:".\\assets\\img\\gabarit\\creature\\5.png";s:16:"\0GameCard\0active";i:0;s:17:"\0GameCard\0visable";i:1;}i:6;O:8:"GameCard":12:{s:12:"\0GameCard\0id";s:1:"9";s:14:"\0GameCard\0type";s:8:"creature";s:19:"\0GameCard\0puissance";s:1:"8";s:15:"\0GameCard\0pvMax";s:1:"6";s:14:"\0GameCard\0mana";s:1:"7";s:17:"\0GameCard\0abilite";a:1:{i:0;i:0;}s:12:"\0GameCard\0pv";s:1:"6";s:22:"\0GameCard\0localisation";i:2;s:16:"\0GameCard\0indice";i:2;s:14:"\0GameCard\0path";s:35:".\\assets\\img\\gabarit\\creature\\9.png";s:16:"\0GameCard\0active";i:0;s:17:"\0GameCard\0visable";i:1;}i:7;O:8:"GameCard":12:{s:12:"\0GameCard\0id";s:1:"3";s:14:"\0GameCard\0type";s:4:"sort";s:19:"\0GameCard\0puissance";s:1:"6";s:15:"\0GameCard\0pvMax";N;s:14:"\0GameCard\0mana";s:1:"5";s:17:"\0GameCard\0abilite";a:1:{i:0;i:0;}s:12:"\0GameCard\0pv";N;s:22:"\0GameCard\0localisation";i:2;s:16:"\0GameCard\0indice";i:1;s:14:"\0GameCard\0path";s:31:".\\assets\\img\\gabarit\\sort\\3.png";s:16:"\0GameCard\0active";i:0;s:17:"\0GameCard\0visable";i:1;}i:8;O:8:"GameCard":12:{s:12:"\0GameCard\0id";s:1:"6";s:14:"\0GameCard\0type";s:8:"creature";s:19:"\0GameCard\0puissance";s:1:"5";s:15:"\0GameCard\0pvMax";s:1:"3";s:14:"\0GameCard\0mana";s:1:"3";s:17:"\0GameCard\0abilite";a:1:{i:0;i:0;}s:12:"\0GameCard\0pv";s:1:"3";s:22:"\0GameCard\0localisation";i:2;s:16:"\0GameCard\0indice";i:1;s:14:"\0GameCard\0path";s:35:".\\assets\\img\\gabarit\\creature\\6.png";s:16:"\0GameCard\0active";i:0;s:17:"\0GameCard\0visable";i:1;}i:9;O:8:"GameCard":12:{s:12:"\0GameCard\0id";s:1:"4";s:14:"\0GameCard\0type";s:8:"creature";s:19:"\0GameCard\0puissance";s:1:"2";s:15:"\0GameCard\0pvMax";s:1:"1";s:14:"\0GameCard\0mana";s:1:"1";s:17:"\0GameCard\0abilite";a:1:{i:0;i:0;}s:12:"\0GameCard\0pv";s:1:"1";s:22:"\0GameCard\0localisation";i:2;s:16:"\0GameCard\0indice";i:1;s:14:"\0GameCard\0path";s:35:".\\assets\\img\\gabarit\\creature\\4.png";s:16:"\0GameCard\0active";i:0;s:17:"\0GameCard\0visable";i:1;}i:10;O:8:"GameCard":12:{s:12:"\0GameCard\0id";s:1:"6";s:14:"\0GameCard\0type";s:8:"creature";s:19:"\0GameCard\0puissance";s:1:"5";s:15:"\0GameCard\0pvMax";s:1:"3";s:14:"\0GameCard\0mana";s:1:"3";s:17:"\0GameCard\0abilite";a:1:{i:0;i:0;}s:12:"\0GameCard\0pv";s:1:"3";s:22:"\0GameCard\0localisation";i:1;s:16:"\0GameCard\0indice";i:2;s:14:"\0GameCard\0path";s:35:".\\assets\\img\\gabarit\\creature\\6.png";s:16:"\0GameCard\0active";i:0;s:17:"\0GameCard\0visable";i:1;}i:11;O:8:"GameCard":12:{s:12:"\0GameCard\0id";s:1:"2";s:14:"\0GameCard\0type";s:4:"sort";s:19:"\0GameCard\0puissance";s:1:"4";s:15:"\0GameCard\0pvMax";N;s:14:"\0GameCard\0mana";s:1:"3";s:17:"\0GameCard\0abilite";a:1:{i:0;s:1:"3";}s:12:"\0GameCard\0pv";N;s:22:"\0GameCard\0localisation";i:1;s:16:"\0GameCard\0indice";i:1;s:14:"\0GameCard\0path";s:31:".\\assets\\img\\gabarit\\sort\\2.png";s:16:"\0GameCard\0active";i:0;s:17:"\0GameCard\0visable";i:1;}i:12;O:8:"GameCard":12:{s:12:"\0GameCard\0id";s:1:"7";s:14:"\0GameCard\0type";s:8:"creature";s:19:"\0GameCard\0puissance";s:1:"2";s:15:"\0GameCard\0pvMax";s:1:"4";s:14:"\0GameCard\0mana";s:1:"4";s:17:"\0GameCard\0abilite";a:1:{i:0;i:0;}s:12:"\0GameCard\0pv";s:1:"4";s:22:"\0GameCard\0localisation";i:1;s:16:"\0GameCard\0indice";i:1;s:14:"\0GameCard\0path";s:35:".\\assets\\img\\gabarit\\creature\\7.png";s:16:"\0GameCard\0active";i:0;s:17:"\0GameCard\0visable";i:1;}i:13;O:8:"GameCard":12:{s:12:"\0GameCard\0id";s:1:"8";s:14:"\0GameCard\0type";s:8:"creature";s:19:"\0GameCard\0puissance";s:1:"7";s:15:"\0GameCard\0pvMax";s:1:"5";s:14:"\0GameCard\0mana";s:1:"5";s:17:"\0GameCard\0abilite";a:1:{i:0;s:1:"2";}s:12:"\0GameCard\0pv";s:1:"5";s:22:"\0GameCard\0localisation";i:1;s:16:"\0GameCard\0indice";i:1;s:14:"\0GameCard\0path";s:35:".\\assets\\img\\gabarit\\creature\\8.png";s:16:"\0GameCard\0active";i:0;s:17:"\0GameCard\0visable";i:1;}i:14;O:8:"GameCard":12:{s:12:"\0GameCard\0id";s:2:"11";s:14:"\0GameCard\0type";s:8:"creature";s:19:"\0GameCard\0puissance";s:1:"3";s:15:"\0GameCard\0pvMax";s:1:"6";s:14:"\0GameCard\0mana";s:1:"3";s:17:"\0GameCard\0abilite";a:2:{i:0;s:1:"1";i:1;s:1:"3";}s:12:"\0GameCard\0pv";s:1:"6";s:22:"\0GameCard\0localisation";i:1;s:16:"\0GameCard\0indice";i:1;s:14:"\0GameCard\0path";s:36:".\\assets\\img\\gabarit\\creature\\11.png";s:16:"\0GameCard\0active";i:0;s:17:"\0GameCard\0visable";i:1;}i:15;O:8:"GameCard":12:{s:12:"\0GameCard\0id";s:1:"1";s:14:"\0GameCard\0type";s:4:"sort";s:19:"\0GameCard\0puissance";s:1:"1";s:15:"\0GameCard\0pvMax";N;s:14:"\0GameCard\0mana";s:1:"1";s:17:"\0GameCard\0abilite";a:1:{i:0;i:0;}s:12:"\0GameCard\0pv";N;s:22:"\0GameCard\0localisation";i:1;s:16:"\0GameCard\0indice";i:1;s:14:"\0GameCard\0path";s:31:".\\assets\\img\\gabarit\\sort\\1.png";s:16:"\0GameCard\0active";i:0;s:17:"\0GameCard\0visable";i:1;}i:16;O:8:"GameCard":12:{s:12:"\0GameCard\0id";s:1:"8";s:14:"\0GameCard\0type";s:8:"creature";s:19:"\0GameCard\0puissance";s:1:"7";s:15:"\0GameCard\0pvMax";s:1:"5";s:14:"\0GameCard\0mana";s:1:"5";s:17:"\0GameCard\0abilite";a:1:{i:0;s:1:"2";}s:12:"\0GameCard\0pv";s:1:"5";s:22:"\0GameCard\0localisation";i:1;s:16:"\0GameCard\0indice";i:2;s:14:"\0GameCard\0path";s:35:".\\assets\\img\\gabarit\\creature\\8.png";s:16:"\0GameCard\0active";i:0;s:17:"\0GameCard\0visable";i:1;}i:17;O:8:"GameCard":12:{s:12:"\0GameCard\0id";s:2:"10";s:14:"\0GameCard\0type";s:8:"creature";s:19:"\0GameCard\0puissance";s:1:"1";s:15:"\0GameCard\0pvMax";s:1:"3";s:14:"\0GameCard\0mana";s:1:"1";s:17:"\0GameCard\0abilite";a:1:{i:0;s:1:"1";}s:12:"\0GameCard\0pv";s:1:"3";s:22:"\0GameCard\0localisation";i:1;s:16:"\0GameCard\0indice";i:1;s:14:"\0GameCard\0path";s:36:".\\assets\\img\\gabarit\\creature\\10.png";s:16:"\0GameCard\0active";i:0;s:17:"\0GameCard\0visable";i:1;}i:18;O:8:"GameCard":12:{s:12:"\0GameCard\0id";s:2:"10";s:14:"\0GameCard\0type";s:8:"creature";s:19:"\0GameCard\0puissance";s:1:"1";s:15:"\0GameCard\0pvMax";s:1:"3";s:14:"\0GameCard\0mana";s:1:"1";s:17:"\0GameCard\0abilite";a:1:{i:0;s:1:"1";}s:12:"\0GameCard\0pv";s:1:"3";s:22:"\0GameCard\0localisation";i:1;s:16:"\0GameCard\0indice";i:2;s:14:"\0GameCard\0path";s:36:".\\assets\\img\\gabarit\\creature\\10.png";s:16:"\0GameCard\0active";i:0;s:17:"\0GameCard\0visable";i:1;}i:19;O:8:"GameCard":12:{s:12:"\0GameCard\0id";s:1:"4";s:14:"\0GameCard\0type";s:8:"creature";s:19:"\0GameCard\0puissance";s:1:"2";s:15:"\0GameCard\0pvMax";s:1:"1";s:14:"\0GameCard\0mana";s:1:"1";s:17:"\0GameCard\0abilite";a:1:{i:0;i:0;}s:12:"\0GameCard\0pv";s:1:"1";s:22:"\0GameCard\0localisation";i:1;s:16:"\0GameCard\0indice";i:2;s:14:"\0GameCard\0path";s:35:".\\assets\\img\\gabarit\\creature\\4.png";s:16:"\0GameCard\0active";i:0;s:17:"\0GameCard\0visable";i:1;}}s:15:"\0GameDeck\0heros";s:1:"1";}s:12:"\0Joueur\0main";a:7:{i:72;r:24;i:91;r:38;i:121;r:66;i:51;r:80;i:31;r:108;i:61;r:122;i:41;r:136;}s:14:"\0Joueur\0pioche";a:10:{i:0;r:150;i:1;r:164;i:2;r:178;i:3;r:192;i:4;r:206;i:5;r:221;i:6;r:235;i:7;r:249;i:8;r:263;i:9;r:277;}s:15:"\0Joueur\0plateau";a:2:{i:92;r:94;i:52;r:52;}s:16:"\0Joueur\0defausse";a:1:{i:112;r:9;}s:10:"\0Joueur\0pv";i:20;s:12:"\0Joueur\0mana";i:0;s:15:"\0Joueur\0visable";i:0;}i:1;O:6:"Joueur":9:{s:10:"\0Joueur\0id";s:1:"8";s:12:"\0Joueur\0deck";O:8:"GameDeck":3:{s:12:"\0GameDeck\0id";s:1:"4";s:16:"\0GameDeck\0cartes";a:20:{i:0;O:8:"GameCard":12:{s:12:"\0GameCard\0id";s:2:"15";s:14:"\0GameCard\0type";s:4:"sort";s:19:"\0GameCard\0puissance";s:1:"7";s:15:"\0GameCard\0pvMax";N;s:14:"\0GameCard\0mana";s:1:"5";s:17:"\0GameCard\0abilite";a:1:{i:0;i:0;}s:12:"\0GameCard\0pv";N;s:22:"\0GameCard\0localisation";i:2;s:16:"\0GameCard\0indice";i:1;s:14:"\0GameCard\0path";s:32:".\\assets\\img\\gabarit\\sort\\15.png";s:16:"\0GameCard\0active";i:0;s:17:"\0GameCard\0visable";i:1;}i:1;O:8:"GameCard":12:{s:12:"\0GameCard\0id";s:2:"22";s:14:"\0GameCard\0type";s:8:"creature";s:19:"\0GameCard\0puissance";s:1:"1";s:15:"\0GameCard\0pvMax";s:1:"3";s:14:"\0GameCard\0mana";s:1:"1";s:17:"\0GameCard\0abilite";a:1:{i:0;s:1:"1";}s:12:"\0GameCard\0pv";s:1:"3";s:22:"\0GameCard\0localisation";i:2;s:16:"\0GameCard\0indice";i:2;s:14:"\0GameCard\0path";s:36:".\\assets\\img\\gabarit\\creature\\22.png";s:16:"\0GameCard\0active";i:0;s:17:"\0GameCard\0visable";i:1;}i:2;O:8:"GameCard":12:{s:12:"\0GameCard\0id";s:2:"13";s:14:"\0GameCard\0type";s:4:"sort";s:19:"\0GameCard\0puissance";s:1:"2";s:15:"\0GameCard\0pvMax";N;s:14:"\0GameCard\0mana";s:1:"1";s:17:"\0GameCard\0abilite";a:1:{i:0;i:0;}s:12:"\0GameCard\0pv";N;s:22:"\0GameCard\0localisation";i:2;s:16:"\0GameCard\0indice";i:1;s:14:"\0GameCard\0path";s:32:".\\assets\\img\\gabarit\\sort\\13.png";s:16:"\0GameCard\0active";i:0;s:17:"\0GameCard\0visable";i:1;}i:3;O:8:"GameCard":12:{s:12:"\0GameCard\0id";s:2:"16";s:14:"\0GameCard\0type";s:8:"creature";s:19:"\0GameCard\0puissance";s:1:"1";s:15:"\0GameCard\0pvMax";s:1:"1";s:14:"\0GameCard\0mana";s:1:"1";s:17:"\0GameCard\0abilite";a:1:{i:0;i:0;}s:12:"\0GameCard\0pv";s:1:"1";s:22:"\0GameCard\0localisation";i:2;s:16:"\0GameCard\0indice";i:1;s:14:"\0GameCard\0path";s:36:".\\assets\\img\\gabarit\\creature\\16.png";s:16:"\0GameCard\0active";i:0;s:17:"\0GameCard\0visable";i:1;}i:4;O:8:"GameCard":12:{s:12:"\0GameCard\0id";s:2:"19";s:14:"\0GameCard\0type";s:8:"creature";s:19:"\0GameCard\0puissance";s:1:"2";s:15:"\0GameCard\0pvMax";s:1:"4";s:14:"\0GameCard\0mana";s:1:"4";s:17:"\0GameCard\0abilite";a:1:{i:0;i:0;}s:12:"\0GameCard\0pv";s:1:"4";s:22:"\0GameCard\0localisation";i:2;s:16:"\0GameCard\0indice";i:1;s:14:"\0GameCard\0path";s:36:".\\assets\\img\\gabarit\\creature\\19.png";s:16:"\0GameCard\0active";i:0;s:17:"\0GameCard\0visable";i:1;}i:5;O:8:"GameCard":12:{s:12:"\0GameCard\0id";s:2:"17";s:14:"\0GameCard\0type";s:8:"creature";s:19:"\0GameCard\0puissance";s:1:"2";s:15:"\0GameCard\0pvMax";s:1:"3";s:14:"\0GameCard\0mana";s:1:"2";s:17:"\0GameCard\0abilite";a:1:{i:0;i:0;}s:12:"\0GameCard\0pv";s:1:"3";s:22:"\0GameCard\0localisation";i:2;s:16:"\0GameCard\0indice";i:1;s:14:"\0GameCard\0path";s:36:".\\assets\\img\\gabarit\\creature\\17.png";s:16:"\0GameCard\0active";i:0;s:17:"\0GameCard\0visable";i:1;}i:6;O:8:"GameCard":12:{s:12:"\0GameCard\0id";s:2:"16";s:14:"\0GameCard\0type";s:8:"creature";s:19:"\0GameCard\0puissance";s:1:"1";s:15:"\0GameCard\0pvMax";s:1:"1";s:14:"\0GameCard\0mana";s:1:"1";s:17:"\0GameCard\0abilite";a:1:{i:0;i:0;}s:12:"\0GameCard\0pv";i:0;s:22:"\0GameCard\0localisation";i:2;s:16:"\0GameCard\0indice";i:2;s:14:"\0GameCard\0path";s:36:".\\assets\\img\\gabarit\\creature\\16.png";s:16:"\0GameCard\0active";i:0;s:17:"\0GameCard\0visable";i:1;}i:7;O:8:"GameCard":12:{s:12:"\0GameCard\0id";s:2:"14";s:14:"\0GameCard\0type";s:4:"sort";s:19:"\0GameCard\0puissance";s:1:"5";s:15:"\0GameCard\0pvMax";N;s:14:"\0GameCard\0mana";s:1:"3";s:17:"\0GameCard\0abilite";a:1:{i:0;s:1:"3";}s:12:"\0GameCard\0pv";N;s:22:"\0GameCard\0localisation";i:2;s:16:"\0GameCard\0indice";i:1;s:14:"\0GameCard\0path";s:32:".\\assets\\img\\gabarit\\sort\\14.png";s:16:"\0GameCard\0active";i:0;s:17:"\0GameCard\0visable";i:1;}i:8;O:8:"GameCard":12:{s:12:"\0GameCard\0id";s:2:"19";s:14:"\0GameCard\0type";s:8:"creature";s:19:"\0GameCard\0puissance";s:1:"2";s:15:"\0GameCard\0pvMax";s:1:"4";s:14:"\0GameCard\0mana";s:1:"4";s:17:"\0GameCard\0abilite";a:1:{i:0;i:0;}s:12:"\0GameCard\0pv";s:1:"4";s:22:"\0GameCard\0localisation";i:2;s:16:"\0GameCard\0indice";i:2;s:14:"\0GameCard\0path";s:36:".\\assets\\img\\gabarit\\creature\\19.png";s:16:"\0GameCard\0active";i:0;s:17:"\0GameCard\0visable";i:1;}i:9;O:8:"GameCard":12:{s:12:"\0GameCard\0id";s:2:"21";s:14:"\0GameCard\0type";s:8:"creature";s:19:"\0GameCard\0puissance";s:1:"8";s:15:"\0GameCard\0pvMax";s:1:"6";s:14:"\0GameCard\0mana";s:1:"7";s:17:"\0GameCard\0abilite";a:1:{i:0;i:0;}s:12:"\0GameCard\0pv";s:1:"6";s:22:"\0GameCard\0localisation";i:2;s:16:"\0GameCard\0indice";i:2;s:14:"\0GameCard\0path";s:36:".\\assets\\img\\gabarit\\creature\\21.png";s:16:"\0GameCard\0active";i:0;s:17:"\0GameCard\0visable";i:1;}i:10;O:8:"GameCard":12:{s:12:"\0GameCard\0id";s:2:"20";s:14:"\0GameCard\0type";s:8:"creature";s:19:"\0GameCard\0puissance";s:1:"6";s:15:"\0GameCard\0pvMax";s:1:"5";s:14:"\0GameCard\0mana";s:1:"5";s:17:"\0GameCard\0abilite";a:1:{i:0;s:1:"3";}s:12:"\0GameCard\0pv";s:1:"5";s:22:"\0GameCard\0localisation";i:2;s:16:"\0GameCard\0indice";i:2;s:14:"\0GameCard\0path";s:36:".\\assets\\img\\gabarit\\creature\\20.png";s:16:"\0GameCard\0active";i:0;s:17:"\0GameCard\0visable";i:1;}i:11;O:8:"GameCard":12:{s:12:"\0GameCard\0id";s:2:"24";s:14:"\0GameCard\0type";s:8:"speciale";s:19:"\0GameCard\0puissance";s:1:"9";s:15:"\0GameCard\0pvMax";s:1:"9";s:14:"\0GameCard\0mana";s:1:"9";s:17:"\0GameCard\0abilite";a:1:{i:0;i:0;}s:12:"\0GameCard\0pv";s:1:"9";s:22:"\0GameCard\0localisation";i:2;s:16:"\0GameCard\0indice";i:1;s:14:"\0GameCard\0path";s:36:".\\assets\\img\\gabarit\\speciale\\24.png";s:16:"\0GameCard\0active";i:0;s:17:"\0GameCard\0visable";i:1;}i:12;O:8:"GameCard":12:{s:12:"\0GameCard\0id";s:2:"22";s:14:"\0GameCard\0type";s:8:"creature";s:19:"\0GameCard\0puissance";s:1:"1";s:15:"\0GameCard\0pvMax";s:1:"3";s:14:"\0GameCard\0mana";s:1:"1";s:17:"\0GameCard\0abilite";a:1:{i:0;s:1:"1";}s:12:"\0GameCard\0pv";s:1:"3";s:22:"\0GameCard\0localisation";i:1;s:16:"\0GameCard\0indice";i:1;s:14:"\0GameCard\0path";s:36:".\\assets\\img\\gabarit\\creature\\22.png";s:16:"\0GameCard\0active";i:0;s:17:"\0GameCard\0visable";i:1;}i:13;O:8:"GameCard":12:{s:12:"\0GameCard\0id";s:2:"18";s:14:"\0GameCard\0type";s:8:"creature";s:19:"\0GameCard\0puissance";s:1:"4";s:15:"\0GameCard\0pvMax";s:1:"3";s:14:"\0GameCard\0mana";s:1:"3";s:17:"\0GameCard\0abilite";a:1:{i:0;s:1:"2";}s:12:"\0GameCard\0pv";s:1:"3";s:22:"\0GameCard\0localisation";i:1;s:16:"\0GameCard\0indice";i:1;s:14:"\0GameCard\0path";s:36:".\\assets\\img\\gabarit\\creature\\18.png";s:16:"\0GameCard\0active";i:0;s:17:"\0GameCard\0visable";i:1;}i:14;O:8:"GameCard":12:{s:12:"\0GameCard\0id";s:2:"18";s:14:"\0GameCard\0type";s:8:"creature";s:19:"\0GameCard\0puissance";s:1:"4";s:15:"\0GameCard\0pvMax";s:1:"3";s:14:"\0GameCard\0mana";s:1:"3";s:17:"\0GameCard\0abilite";a:1:{i:0;s:1:"2";}s:12:"\0GameCard\0pv";s:1:"3";s:22:"\0GameCard\0localisation";i:1;s:16:"\0GameCard\0indice";i:2;s:14:"\0GameCard\0path";s:36:".\\assets\\img\\gabarit\\creature\\18.png";s:16:"\0GameCard\0active";i:0;s:17:"\0GameCard\0visable";i:1;}i:15;O:8:"GameCard":12:{s:12:"\0GameCard\0id";s:2:"20";s:14:"\0GameCard\0type";s:8:"creature";s:19:"\0GameCard\0puissance";s:1:"6";s:15:"\0GameCard\0pvMax";s:1:"5";s:14:"\0GameCard\0mana";s:1:"5";s:17:"\0GameCard\0abilite";a:1:{i:0;s:1:"3";}s:12:"\0GameCard\0pv";s:1:"5";s:22:"\0GameCard\0localisation";i:1;s:16:"\0GameCard\0indice";i:1;s:14:"\0GameCard\0path";s:36:".\\assets\\img\\gabarit\\creature\\20.png";s:16:"\0GameCard\0active";i:0;s:17:"\0GameCard\0visable";i:1;}i:16;O:8:"GameCard":12:{s:12:"\0GameCard\0id";s:2:"17";s:14:"\0GameCard\0type";s:8:"creature";s:19:"\0GameCard\0puissance";s:1:"2";s:15:"\0GameCard\0pvMax";s:1:"3";s:14:"\0GameCard\0mana";s:1:"2";s:17:"\0GameCard\0abilite";a:1:{i:0;i:0;}s:12:"\0GameCard\0pv";s:1:"3";s:22:"\0GameCard\0localisation";i:1;s:16:"\0GameCard\0indice";i:2;s:14:"\0GameCard\0path";s:36:".\\assets\\img\\gabarit\\creature\\17.png";s:16:"\0GameCard\0active";i:0;s:17:"\0GameCard\0visable";i:1;}i:17;O:8:"GameCard":12:{s:12:"\0GameCard\0id";s:2:"21";s:14:"\0GameCard\0type";s:8:"creature";s:19:"\0GameCard\0puissance";s:1:"8";s:15:"\0GameCard\0pvMax";s:1:"6";s:14:"\0GameCard\0mana";s:1:"7";s:17:"\0GameCard\0abilite";a:1:{i:0;i:0;}s:12:"\0GameCard\0pv";s:1:"6";s:22:"\0GameCard\0localisation";i:1;s:16:"\0GameCard\0indice";i:1;s:14:"\0GameCard\0path";s:36:".\\assets\\img\\gabarit\\creature\\21.png";s:16:"\0GameCard\0active";i:0;s:17:"\0GameCard\0visable";i:1;}i:18;O:8:"GameCard":12:{s:12:"\0GameCard\0id";s:2:"23";s:14:"\0GameCard\0type";s:8:"creature";s:19:"\0GameCard\0puissance";s:1:"3";s:15:"\0GameCard\0pvMax";s:1:"6";s:14:"\0GameCard\0mana";s:1:"3";s:17:"\0GameCard\0abilite";a:1:{i:0;s:1:"1";}s:12:"\0GameCard\0pv";s:1:"6";s:22:"\0GameCard\0localisation";i:1;s:16:"\0GameCard\0indice";i:2;s:14:"\0GameCard\0path";s:36:".\\assets\\img\\gabarit\\creature\\23.png";s:16:"\0GameCard\0active";i:0;s:17:"\0GameCard\0visable";i:1;}i:19;O:8:"GameCard":12:{s:12:"\0GameCard\0id";s:2:"23";s:14:"\0GameCard\0type";s:8:"creature";s:19:"\0GameCard\0puissance";s:1:"3";s:15:"\0GameCard\0pvMax";s:1:"6";s:14:"\0GameCard\0mana";s:1:"3";s:17:"\0GameCard\0abilite";a:1:{i:0;s:1:"1";}s:12:"\0GameCard\0pv";s:1:"6";s:22:"\0GameCard\0localisation";i:1;s:16:"\0GameCard\0indice";i:1;s:14:"\0GameCard\0path";s:36:".\\assets\\img\\gabarit\\creature\\23.png";s:16:"\0GameCard\0active";i:0;s:17:"\0GameCard\0visable";i:1;}}s:15:"\0GameDeck\0heros";s:1:"2";}s:12:"\0Joueur\0main";a:9:{i:151;r:324;i:222;r:338;i:131;r:352;i:161;r:366;i:191;r:380;i:171;r:394;i:212;r:450;i:202;r:464;i:241;r:478;}s:14:"\0Joueur\0pioche";a:8:{i:0;r:492;i:1;r:506;i:2;r:520;i:3;r:534;i:4;r:548;i:5;r:562;i:6;r:576;i:7;r:590;}s:15:"\0Joueur\0plateau";a:1:{i:192;r:436;}s:16:"\0Joueur\0defausse";a:2:{i:141;r:422;i:162;r:408;}s:10:"\0Joueur\0pv";i:20;s:12:"\0Joueur\0mana";i:0;s:15:"\0Joueur\0visable";i:1;}}s:20:"\0GameController\0tour";i:9;s:19:"\0GameController\0EoG";b:0;s:21:"\0GameController\0jeton";i:0;s:28:"\0GameController\0piocheEtMana";i:1;s:13:"\0*\0parameters";a:3:{s:10:"controller";s:4:"game";s:6:"action";s:4:"play";s:5:"jeton";s:1:"0";}s:7:"\0*\0data";a:0:{}s:10:"\0*\0session";a:2:{s:4:"u_id";s:1:"7";s:4:"GAME";s:1:"1";}}', 7, 8, 0);
INSERT INTO `game` (`g_id`, `g_data`, `g_player1`, `g_player2`, `g_running`) VALUES
(2, 'O:14:"GameController":9:{s:18:"\0GameController\0id";s:1:"2";s:23:"\0GameController\0players";a:6:{i:0;O:6:"Joueur":9:{s:10:"\0Joueur\0id";s:1:"7";s:12:"\0Joueur\0deck";O:8:"GameDeck":3:{s:12:"\0GameDeck\0id";s:1:"3";s:16:"\0GameDeck\0cartes";a:20:{i:0;O:8:"GameCard":12:{s:12:"\0GameCard\0id";s:1:"8";s:14:"\0GameCard\0type";s:8:"creature";s:19:"\0GameCard\0puissance";s:1:"7";s:15:"\0GameCard\0pvMax";s:1:"5";s:14:"\0GameCard\0mana";s:1:"5";s:17:"\0GameCard\0abilite";a:1:{i:0;s:1:"2";}s:12:"\0GameCard\0pv";s:1:"5";s:22:"\0GameCard\0localisation";i:2;s:16:"\0GameCard\0indice";i:2;s:14:"\0GameCard\0path";s:35:".\\assets\\img\\gabarit\\creature\\8.png";s:16:"\0GameCard\0active";i:0;s:17:"\0GameCard\0visable";i:1;}i:1;O:8:"GameCard":12:{s:12:"\0GameCard\0id";s:2:"12";s:14:"\0GameCard\0type";s:8:"speciale";s:19:"\0GameCard\0puissance";s:1:"9";s:15:"\0GameCard\0pvMax";s:1:"9";s:14:"\0GameCard\0mana";s:1:"9";s:17:"\0GameCard\0abilite";a:1:{i:0;i:0;}s:12:"\0GameCard\0pv";s:1:"9";s:22:"\0GameCard\0localisation";i:2;s:16:"\0GameCard\0indice";i:1;s:14:"\0GameCard\0path";s:36:".\\assets\\img\\gabarit\\speciale\\12.png";s:16:"\0GameCard\0active";i:0;s:17:"\0GameCard\0visable";i:1;}i:2;O:8:"GameCard":12:{s:12:"\0GameCard\0id";s:1:"5";s:14:"\0GameCard\0type";s:8:"creature";s:19:"\0GameCard\0puissance";s:1:"2";s:15:"\0GameCard\0pvMax";s:1:"3";s:14:"\0GameCard\0mana";s:1:"2";s:17:"\0GameCard\0abilite";a:1:{i:0;i:0;}s:12:"\0GameCard\0pv";s:1:"3";s:22:"\0GameCard\0localisation";i:2;s:16:"\0GameCard\0indice";i:2;s:14:"\0GameCard\0path";s:35:".\\assets\\img\\gabarit\\creature\\5.png";s:16:"\0GameCard\0active";i:0;s:17:"\0GameCard\0visable";i:1;}i:3;O:8:"GameCard":12:{s:12:"\0GameCard\0id";s:1:"8";s:14:"\0GameCard\0type";s:8:"creature";s:19:"\0GameCard\0puissance";s:1:"7";s:15:"\0GameCard\0pvMax";s:1:"5";s:14:"\0GameCard\0mana";s:1:"5";s:17:"\0GameCard\0abilite";a:1:{i:0;s:1:"2";}s:12:"\0GameCard\0pv";s:1:"5";s:22:"\0GameCard\0localisation";i:1;s:16:"\0GameCard\0indice";i:1;s:14:"\0GameCard\0path";s:35:".\\assets\\img\\gabarit\\creature\\8.png";s:16:"\0GameCard\0active";i:0;s:17:"\0GameCard\0visable";i:1;}i:4;O:8:"GameCard":12:{s:12:"\0GameCard\0id";s:2:"11";s:14:"\0GameCard\0type";s:8:"creature";s:19:"\0GameCard\0puissance";s:1:"3";s:15:"\0GameCard\0pvMax";s:1:"6";s:14:"\0GameCard\0mana";s:1:"3";s:17:"\0GameCard\0abilite";a:2:{i:0;s:1:"3";i:1;s:1:"1";}s:12:"\0GameCard\0pv";s:1:"6";s:22:"\0GameCard\0localisation";i:1;s:16:"\0GameCard\0indice";i:1;s:14:"\0GameCard\0path";s:36:".\\assets\\img\\gabarit\\creature\\11.png";s:16:"\0GameCard\0active";i:0;s:17:"\0GameCard\0visable";i:1;}i:5;O:8:"GameCard":12:{s:12:"\0GameCard\0id";s:1:"5";s:14:"\0GameCard\0type";s:8:"creature";s:19:"\0GameCard\0puissance";s:1:"2";s:15:"\0GameCard\0pvMax";s:1:"3";s:14:"\0GameCard\0mana";s:1:"2";s:17:"\0GameCard\0abilite";a:1:{i:0;i:0;}s:12:"\0GameCard\0pv";s:1:"3";s:22:"\0GameCard\0localisation";i:1;s:16:"\0GameCard\0indice";i:1;s:14:"\0GameCard\0path";s:35:".\\assets\\img\\gabarit\\creature\\5.png";s:16:"\0GameCard\0active";i:0;s:17:"\0GameCard\0visable";i:1;}i:6;O:8:"GameCard":12:{s:12:"\0GameCard\0id";s:1:"3";s:14:"\0GameCard\0type";s:4:"sort";s:19:"\0GameCard\0puissance";s:1:"6";s:15:"\0GameCard\0pvMax";N;s:14:"\0GameCard\0mana";s:1:"5";s:17:"\0GameCard\0abilite";a:1:{i:0;i:0;}s:12:"\0GameCard\0pv";N;s:22:"\0GameCard\0localisation";i:1;s:16:"\0GameCard\0indice";i:1;s:14:"\0GameCard\0path";s:31:".\\assets\\img\\gabarit\\sort\\3.png";s:16:"\0GameCard\0active";i:0;s:17:"\0GameCard\0visable";i:1;}i:7;O:8:"GameCard":12:{s:12:"\0GameCard\0id";s:1:"4";s:14:"\0GameCard\0type";s:8:"creature";s:19:"\0GameCard\0puissance";s:1:"2";s:15:"\0GameCard\0pvMax";s:1:"1";s:14:"\0GameCard\0mana";s:1:"1";s:17:"\0GameCard\0abilite";a:1:{i:0;i:0;}s:12:"\0GameCard\0pv";s:1:"1";s:22:"\0GameCard\0localisation";i:1;s:16:"\0GameCard\0indice";i:2;s:14:"\0GameCard\0path";s:35:".\\assets\\img\\gabarit\\creature\\4.png";s:16:"\0GameCard\0active";i:0;s:17:"\0GameCard\0visable";i:1;}i:8;O:8:"GameCard":12:{s:12:"\0GameCard\0id";s:1:"7";s:14:"\0GameCard\0type";s:8:"creature";s:19:"\0GameCard\0puissance";s:1:"2";s:15:"\0GameCard\0pvMax";s:1:"4";s:14:"\0GameCard\0mana";s:1:"4";s:17:"\0GameCard\0abilite";a:1:{i:0;i:0;}s:12:"\0GameCard\0pv";s:1:"4";s:22:"\0GameCard\0localisation";i:1;s:16:"\0GameCard\0indice";i:1;s:14:"\0GameCard\0path";s:35:".\\assets\\img\\gabarit\\creature\\7.png";s:16:"\0GameCard\0active";i:0;s:17:"\0GameCard\0visable";i:1;}i:9;O:8:"GameCard":12:{s:12:"\0GameCard\0id";s:1:"6";s:14:"\0GameCard\0type";s:8:"creature";s:19:"\0GameCard\0puissance";s:1:"5";s:15:"\0GameCard\0pvMax";s:1:"3";s:14:"\0GameCard\0mana";s:1:"3";s:17:"\0GameCard\0abilite";a:1:{i:0;i:0;}s:12:"\0GameCard\0pv";s:1:"3";s:22:"\0GameCard\0localisation";i:1;s:16:"\0GameCard\0indice";i:1;s:14:"\0GameCard\0path";s:35:".\\assets\\img\\gabarit\\creature\\6.png";s:16:"\0GameCard\0active";i:0;s:17:"\0GameCard\0visable";i:1;}i:10;O:8:"GameCard":12:{s:12:"\0GameCard\0id";s:1:"9";s:14:"\0GameCard\0type";s:8:"creature";s:19:"\0GameCard\0puissance";s:1:"8";s:15:"\0GameCard\0pvMax";s:1:"6";s:14:"\0GameCard\0mana";s:1:"7";s:17:"\0GameCard\0abilite";a:1:{i:0;i:0;}s:12:"\0GameCard\0pv";s:1:"6";s:22:"\0GameCard\0localisation";i:1;s:16:"\0GameCard\0indice";i:2;s:14:"\0GameCard\0path";s:35:".\\assets\\img\\gabarit\\creature\\9.png";s:16:"\0GameCard\0active";i:0;s:17:"\0GameCard\0visable";i:1;}i:11;O:8:"GameCard":12:{s:12:"\0GameCard\0id";s:2:"11";s:14:"\0GameCard\0type";s:8:"creature";s:19:"\0GameCard\0puissance";s:1:"3";s:15:"\0GameCard\0pvMax";s:1:"6";s:14:"\0GameCard\0mana";s:1:"3";s:17:"\0GameCard\0abilite";a:2:{i:0;s:1:"3";i:1;s:1:"1";}s:12:"\0GameCard\0pv";s:1:"6";s:22:"\0GameCard\0localisation";i:1;s:16:"\0GameCard\0indice";i:2;s:14:"\0GameCard\0path";s:36:".\\assets\\img\\gabarit\\creature\\11.png";s:16:"\0GameCard\0active";i:0;s:17:"\0GameCard\0visable";i:1;}i:12;O:8:"GameCard":12:{s:12:"\0GameCard\0id";s:1:"1";s:14:"\0GameCard\0type";s:4:"sort";s:19:"\0GameCard\0puissance";s:1:"1";s:15:"\0GameCard\0pvMax";N;s:14:"\0GameCard\0mana";s:1:"1";s:17:"\0GameCard\0abilite";a:1:{i:0;i:0;}s:12:"\0GameCard\0pv";N;s:22:"\0GameCard\0localisation";i:1;s:16:"\0GameCard\0indice";i:1;s:14:"\0GameCard\0path";s:31:".\\assets\\img\\gabarit\\sort\\1.png";s:16:"\0GameCard\0active";i:0;s:17:"\0GameCard\0visable";i:1;}i:13;O:8:"GameCard":12:{s:12:"\0GameCard\0id";s:1:"4";s:14:"\0GameCard\0type";s:8:"creature";s:19:"\0GameCard\0puissance";s:1:"2";s:15:"\0GameCard\0pvMax";s:1:"1";s:14:"\0GameCard\0mana";s:1:"1";s:17:"\0GameCard\0abilite";a:1:{i:0;i:0;}s:12:"\0GameCard\0pv";s:1:"1";s:22:"\0GameCard\0localisation";i:1;s:16:"\0GameCard\0indice";i:1;s:14:"\0GameCard\0path";s:35:".\\assets\\img\\gabarit\\creature\\4.png";s:16:"\0GameCard\0active";i:0;s:17:"\0GameCard\0visable";i:1;}i:14;O:8:"GameCard":12:{s:12:"\0GameCard\0id";s:1:"7";s:14:"\0GameCard\0type";s:8:"creature";s:19:"\0GameCard\0puissance";s:1:"2";s:15:"\0GameCard\0pvMax";s:1:"4";s:14:"\0GameCard\0mana";s:1:"4";s:17:"\0GameCard\0abilite";a:1:{i:0;i:0;}s:12:"\0GameCard\0pv";s:1:"4";s:22:"\0GameCard\0localisation";i:1;s:16:"\0GameCard\0indice";i:2;s:14:"\0GameCard\0path";s:35:".\\assets\\img\\gabarit\\creature\\7.png";s:16:"\0GameCard\0active";i:0;s:17:"\0GameCard\0visable";i:1;}i:15;O:8:"GameCard":12:{s:12:"\0GameCard\0id";s:1:"6";s:14:"\0GameCard\0type";s:8:"creature";s:19:"\0GameCard\0puissance";s:1:"5";s:15:"\0GameCard\0pvMax";s:1:"3";s:14:"\0GameCard\0mana";s:1:"3";s:17:"\0GameCard\0abilite";a:1:{i:0;i:0;}s:12:"\0GameCard\0pv";s:1:"3";s:22:"\0GameCard\0localisation";i:1;s:16:"\0GameCard\0indice";i:2;s:14:"\0GameCard\0path";s:35:".\\assets\\img\\gabarit\\creature\\6.png";s:16:"\0GameCard\0active";i:0;s:17:"\0GameCard\0visable";i:1;}i:16;O:8:"GameCard":12:{s:12:"\0GameCard\0id";s:2:"10";s:14:"\0GameCard\0type";s:8:"creature";s:19:"\0GameCard\0puissance";s:1:"1";s:15:"\0GameCard\0pvMax";s:1:"3";s:14:"\0GameCard\0mana";s:1:"1";s:17:"\0GameCard\0abilite";a:1:{i:0;s:1:"1";}s:12:"\0GameCard\0pv";s:1:"3";s:22:"\0GameCard\0localisation";i:1;s:16:"\0GameCard\0indice";i:1;s:14:"\0GameCard\0path";s:36:".\\assets\\img\\gabarit\\creature\\10.png";s:16:"\0GameCard\0active";i:0;s:17:"\0GameCard\0visable";i:1;}i:17;O:8:"GameCard":12:{s:12:"\0GameCard\0id";s:1:"9";s:14:"\0GameCard\0type";s:8:"creature";s:19:"\0GameCard\0puissance";s:1:"8";s:15:"\0GameCard\0pvMax";s:1:"6";s:14:"\0GameCard\0mana";s:1:"7";s:17:"\0GameCard\0abilite";a:1:{i:0;i:0;}s:12:"\0GameCard\0pv";s:1:"6";s:22:"\0GameCard\0localisation";i:1;s:16:"\0GameCard\0indice";i:1;s:14:"\0GameCard\0path";s:35:".\\assets\\img\\gabarit\\creature\\9.png";s:16:"\0GameCard\0active";i:0;s:17:"\0GameCard\0visable";i:1;}i:18;O:8:"GameCard":12:{s:12:"\0GameCard\0id";s:1:"2";s:14:"\0GameCard\0type";s:4:"sort";s:19:"\0GameCard\0puissance";s:1:"4";s:15:"\0GameCard\0pvMax";N;s:14:"\0GameCard\0mana";s:1:"3";s:17:"\0GameCard\0abilite";a:1:{i:0;s:1:"3";}s:12:"\0GameCard\0pv";N;s:22:"\0GameCard\0localisation";i:1;s:16:"\0GameCard\0indice";i:1;s:14:"\0GameCard\0path";s:31:".\\assets\\img\\gabarit\\sort\\2.png";s:16:"\0GameCard\0active";i:0;s:17:"\0GameCard\0visable";i:1;}i:19;O:8:"GameCard":12:{s:12:"\0GameCard\0id";s:2:"10";s:14:"\0GameCard\0type";s:8:"creature";s:19:"\0GameCard\0puissance";s:1:"1";s:15:"\0GameCard\0pvMax";s:1:"3";s:14:"\0GameCard\0mana";s:1:"1";s:17:"\0GameCard\0abilite";a:1:{i:0;s:1:"1";}s:12:"\0GameCard\0pv";s:1:"3";s:22:"\0GameCard\0localisation";i:1;s:16:"\0GameCard\0indice";i:2;s:14:"\0GameCard\0path";s:36:".\\assets\\img\\gabarit\\creature\\10.png";s:16:"\0GameCard\0active";i:0;s:17:"\0GameCard\0visable";i:1;}}s:15:"\0GameDeck\0heros";s:1:"1";}s:12:"\0Joueur\0main";a:3:{i:82;r:9;i:121;r:23;i:52;r:37;}s:14:"\0Joueur\0pioche";a:17:{i:0;r:51;i:1;r:65;i:2;r:80;i:3;r:94;i:4;r:108;i:5;r:122;i:6;r:136;i:7;r:150;i:8;r:164;i:9;r:179;i:10;r:193;i:11;r:207;i:12;r:221;i:13;r:235;i:14;r:249;i:15;r:263;i:16;r:277;}s:15:"\0Joueur\0plateau";a:0:{}s:16:"\0Joueur\0defausse";a:0:{}s:10:"\0Joueur\0pv";i:20;s:12:"\0Joueur\0mana";i:1;s:15:"\0Joueur\0visable";i:1;}i:1;O:6:"Joueur":9:{s:10:"\0Joueur\0id";s:1:"8";s:12:"\0Joueur\0deck";O:8:"GameDeck":3:{s:12:"\0GameDeck\0id";s:1:"4";s:16:"\0GameDeck\0cartes";a:20:{i:0;O:8:"GameCard":12:{s:12:"\0GameCard\0id";s:2:"23";s:14:"\0GameCard\0type";s:8:"creature";s:19:"\0GameCard\0puissance";s:1:"3";s:15:"\0GameCard\0pvMax";s:1:"6";s:14:"\0GameCard\0mana";s:1:"3";s:17:"\0GameCard\0abilite";a:1:{i:0;s:1:"1";}s:12:"\0GameCard\0pv";s:1:"6";s:22:"\0GameCard\0localisation";i:1;s:16:"\0GameCard\0indice";i:1;s:14:"\0GameCard\0path";s:36:".\\assets\\img\\gabarit\\creature\\23.png";s:16:"\0GameCard\0active";i:0;s:17:"\0GameCard\0visable";i:1;}i:1;O:8:"GameCard":12:{s:12:"\0GameCard\0id";s:2:"22";s:14:"\0GameCard\0type";s:8:"creature";s:19:"\0GameCard\0puissance";s:1:"1";s:15:"\0GameCard\0pvMax";s:1:"3";s:14:"\0GameCard\0mana";s:1:"1";s:17:"\0GameCard\0abilite";a:1:{i:0;s:1:"1";}s:12:"\0GameCard\0pv";s:1:"3";s:22:"\0GameCard\0localisation";i:1;s:16:"\0GameCard\0indice";i:1;s:14:"\0GameCard\0path";s:36:".\\assets\\img\\gabarit\\creature\\22.png";s:16:"\0GameCard\0active";i:0;s:17:"\0GameCard\0visable";i:1;}i:2;O:8:"GameCard":12:{s:12:"\0GameCard\0id";s:2:"21";s:14:"\0GameCard\0type";s:8:"creature";s:19:"\0GameCard\0puissance";s:1:"8";s:15:"\0GameCard\0pvMax";s:1:"6";s:14:"\0GameCard\0mana";s:1:"7";s:17:"\0GameCard\0abilite";a:1:{i:0;i:0;}s:12:"\0GameCard\0pv";s:1:"6";s:22:"\0GameCard\0localisation";i:1;s:16:"\0GameCard\0indice";i:1;s:14:"\0GameCard\0path";s:36:".\\assets\\img\\gabarit\\creature\\21.png";s:16:"\0GameCard\0active";i:0;s:17:"\0GameCard\0visable";i:1;}i:3;O:8:"GameCard":12:{s:12:"\0GameCard\0id";s:2:"13";s:14:"\0GameCard\0type";s:4:"sort";s:19:"\0GameCard\0puissance";s:1:"2";s:15:"\0GameCard\0pvMax";N;s:14:"\0GameCard\0mana";s:1:"1";s:17:"\0GameCard\0abilite";a:1:{i:0;i:0;}s:12:"\0GameCard\0pv";N;s:22:"\0GameCard\0localisation";i:1;s:16:"\0GameCard\0indice";i:1;s:14:"\0GameCard\0path";s:32:".\\assets\\img\\gabarit\\sort\\13.png";s:16:"\0GameCard\0active";i:0;s:17:"\0GameCard\0visable";i:1;}i:4;O:8:"GameCard":12:{s:12:"\0GameCard\0id";s:2:"19";s:14:"\0GameCard\0type";s:8:"creature";s:19:"\0GameCard\0puissance";s:1:"2";s:15:"\0GameCard\0pvMax";s:1:"4";s:14:"\0GameCard\0mana";s:1:"4";s:17:"\0GameCard\0abilite";a:1:{i:0;i:0;}s:12:"\0GameCard\0pv";s:1:"4";s:22:"\0GameCard\0localisation";i:1;s:16:"\0GameCard\0indice";i:1;s:14:"\0GameCard\0path";s:36:".\\assets\\img\\gabarit\\creature\\19.png";s:16:"\0GameCard\0active";i:0;s:17:"\0GameCard\0visable";i:1;}i:5;O:8:"GameCard":12:{s:12:"\0GameCard\0id";s:2:"23";s:14:"\0GameCard\0type";s:8:"creature";s:19:"\0GameCard\0puissance";s:1:"3";s:15:"\0GameCard\0pvMax";s:1:"6";s:14:"\0GameCard\0mana";s:1:"3";s:17:"\0GameCard\0abilite";a:1:{i:0;s:1:"1";}s:12:"\0GameCard\0pv";s:1:"6";s:22:"\0GameCard\0localisation";i:1;s:16:"\0GameCard\0indice";i:2;s:14:"\0GameCard\0path";s:36:".\\assets\\img\\gabarit\\creature\\23.png";s:16:"\0GameCard\0active";i:0;s:17:"\0GameCard\0visable";i:1;}i:6;O:8:"GameCard":12:{s:12:"\0GameCard\0id";s:2:"21";s:14:"\0GameCard\0type";s:8:"creature";s:19:"\0GameCard\0puissance";s:1:"8";s:15:"\0GameCard\0pvMax";s:1:"6";s:14:"\0GameCard\0mana";s:1:"7";s:17:"\0GameCard\0abilite";a:1:{i:0;i:0;}s:12:"\0GameCard\0pv";s:1:"6";s:22:"\0GameCard\0localisation";i:1;s:16:"\0GameCard\0indice";i:2;s:14:"\0GameCard\0path";s:36:".\\assets\\img\\gabarit\\creature\\21.png";s:16:"\0GameCard\0active";i:0;s:17:"\0GameCard\0visable";i:1;}i:7;O:8:"GameCard":12:{s:12:"\0GameCard\0id";s:2:"16";s:14:"\0GameCard\0type";s:8:"creature";s:19:"\0GameCard\0puissance";s:1:"1";s:15:"\0GameCard\0pvMax";s:1:"1";s:14:"\0GameCard\0mana";s:1:"1";s:17:"\0GameCard\0abilite";a:1:{i:0;i:0;}s:12:"\0GameCard\0pv";s:1:"1";s:22:"\0GameCard\0localisation";i:1;s:16:"\0GameCard\0indice";i:2;s:14:"\0GameCard\0path";s:36:".\\assets\\img\\gabarit\\creature\\16.png";s:16:"\0GameCard\0active";i:0;s:17:"\0GameCard\0visable";i:1;}i:8;O:8:"GameCard":12:{s:12:"\0GameCard\0id";s:2:"20";s:14:"\0GameCard\0type";s:8:"creature";s:19:"\0GameCard\0puissance";s:1:"6";s:15:"\0GameCard\0pvMax";s:1:"5";s:14:"\0GameCard\0mana";s:1:"5";s:17:"\0GameCard\0abilite";a:1:{i:0;s:1:"3";}s:12:"\0GameCard\0pv";s:1:"5";s:22:"\0GameCard\0localisation";i:1;s:16:"\0GameCard\0indice";i:2;s:14:"\0GameCard\0path";s:36:".\\assets\\img\\gabarit\\creature\\20.png";s:16:"\0GameCard\0active";i:0;s:17:"\0GameCard\0visable";i:1;}i:9;O:8:"GameCard":12:{s:12:"\0GameCard\0id";s:2:"18";s:14:"\0GameCard\0type";s:8:"creature";s:19:"\0GameCard\0puissance";s:1:"4";s:15:"\0GameCard\0pvMax";s:1:"3";s:14:"\0GameCard\0mana";s:1:"3";s:17:"\0GameCard\0abilite";a:1:{i:0;s:1:"2";}s:12:"\0GameCard\0pv";s:1:"3";s:22:"\0GameCard\0localisation";i:1;s:16:"\0GameCard\0indice";i:1;s:14:"\0GameCard\0path";s:36:".\\assets\\img\\gabarit\\creature\\18.png";s:16:"\0GameCard\0active";i:0;s:17:"\0GameCard\0visable";i:1;}i:10;O:8:"GameCard":12:{s:12:"\0GameCard\0id";s:2:"19";s:14:"\0GameCard\0type";s:8:"creature";s:19:"\0GameCard\0puissance";s:1:"2";s:15:"\0GameCard\0pvMax";s:1:"4";s:14:"\0GameCard\0mana";s:1:"4";s:17:"\0GameCard\0abilite";a:1:{i:0;i:0;}s:12:"\0GameCard\0pv";s:1:"4";s:22:"\0GameCard\0localisation";i:1;s:16:"\0GameCard\0indice";i:2;s:14:"\0GameCard\0path";s:36:".\\assets\\img\\gabarit\\creature\\19.png";s:16:"\0GameCard\0active";i:0;s:17:"\0GameCard\0visable";i:1;}i:11;O:8:"GameCard":12:{s:12:"\0GameCard\0id";s:2:"15";s:14:"\0GameCard\0type";s:4:"sort";s:19:"\0GameCard\0puissance";s:1:"7";s:15:"\0GameCard\0pvMax";N;s:14:"\0GameCard\0mana";s:1:"5";s:17:"\0GameCard\0abilite";a:1:{i:0;i:0;}s:12:"\0GameCard\0pv";N;s:22:"\0GameCard\0localisation";i:1;s:16:"\0GameCard\0indice";i:1;s:14:"\0GameCard\0path";s:32:".\\assets\\img\\gabarit\\sort\\15.png";s:16:"\0GameCard\0active";i:0;s:17:"\0GameCard\0visable";i:1;}i:12;O:8:"GameCard":12:{s:12:"\0GameCard\0id";s:2:"14";s:14:"\0GameCard\0type";s:4:"sort";s:19:"\0GameCard\0puissance";s:1:"5";s:15:"\0GameCard\0pvMax";N;s:14:"\0GameCard\0mana";s:1:"3";s:17:"\0GameCard\0abilite";a:1:{i:0;s:1:"3";}s:12:"\0GameCard\0pv";N;s:22:"\0GameCard\0localisation";i:1;s:16:"\0GameCard\0indice";i:1;s:14:"\0GameCard\0path";s:32:".\\assets\\img\\gabarit\\sort\\14.png";s:16:"\0GameCard\0active";i:0;s:17:"\0GameCard\0visable";i:1;}i:13;O:8:"GameCard":12:{s:12:"\0GameCard\0id";s:2:"22";s:14:"\0GameCard\0type";s:8:"creature";s:19:"\0GameCard\0puissance";s:1:"1";s:15:"\0GameCard\0pvMax";s:1:"3";s:14:"\0GameCard\0mana";s:1:"1";s:17:"\0GameCard\0abilite";a:1:{i:0;s:1:"1";}s:12:"\0GameCard\0pv";s:1:"3";s:22:"\0GameCard\0localisation";i:1;s:16:"\0GameCard\0indice";i:2;s:14:"\0GameCard\0path";s:36:".\\assets\\img\\gabarit\\creature\\22.png";s:16:"\0GameCard\0active";i:0;s:17:"\0GameCard\0visable";i:1;}i:14;O:8:"GameCard":12:{s:12:"\0GameCard\0id";s:2:"17";s:14:"\0GameCard\0type";s:8:"creature";s:19:"\0GameCard\0puissance";s:1:"2";s:15:"\0GameCard\0pvMax";s:1:"3";s:14:"\0GameCard\0mana";s:1:"2";s:17:"\0GameCard\0abilite";a:1:{i:0;i:0;}s:12:"\0GameCard\0pv";s:1:"3";s:22:"\0GameCard\0localisation";i:1;s:16:"\0GameCard\0indice";i:1;s:14:"\0GameCard\0path";s:36:".\\assets\\img\\gabarit\\creature\\17.png";s:16:"\0GameCard\0active";i:0;s:17:"\0GameCard\0visable";i:1;}i:15;O:8:"GameCard":12:{s:12:"\0GameCard\0id";s:2:"16";s:14:"\0GameCard\0type";s:8:"creature";s:19:"\0GameCard\0puissance";s:1:"1";s:15:"\0GameCard\0pvMax";s:1:"1";s:14:"\0GameCard\0mana";s:1:"1";s:17:"\0GameCard\0abilite";a:1:{i:0;i:0;}s:12:"\0GameCard\0pv";s:1:"1";s:22:"\0GameCard\0localisation";i:1;s:16:"\0GameCard\0indice";i:1;s:14:"\0GameCard\0path";s:36:".\\assets\\img\\gabarit\\creature\\16.png";s:16:"\0GameCard\0active";i:0;s:17:"\0GameCard\0visable";i:1;}i:16;O:8:"GameCard":12:{s:12:"\0GameCard\0id";s:2:"20";s:14:"\0GameCard\0type";s:8:"creature";s:19:"\0GameCard\0puissance";s:1:"6";s:15:"\0GameCard\0pvMax";s:1:"5";s:14:"\0GameCard\0mana";s:1:"5";s:17:"\0GameCard\0abilite";a:1:{i:0;s:1:"3";}s:12:"\0GameCard\0pv";s:1:"5";s:22:"\0GameCard\0localisation";i:1;s:16:"\0GameCard\0indice";i:1;s:14:"\0GameCard\0path";s:36:".\\assets\\img\\gabarit\\creature\\20.png";s:16:"\0GameCard\0active";i:0;s:17:"\0GameCard\0visable";i:1;}i:17;O:8:"GameCard":12:{s:12:"\0GameCard\0id";s:2:"24";s:14:"\0GameCard\0type";s:8:"speciale";s:19:"\0GameCard\0puissance";s:1:"9";s:15:"\0GameCard\0pvMax";s:1:"9";s:14:"\0GameCard\0mana";s:1:"9";s:17:"\0GameCard\0abilite";a:1:{i:0;i:0;}s:12:"\0GameCard\0pv";s:1:"9";s:22:"\0GameCard\0localisation";i:1;s:16:"\0GameCard\0indice";i:1;s:14:"\0GameCard\0path";s:36:".\\assets\\img\\gabarit\\speciale\\24.png";s:16:"\0GameCard\0active";i:0;s:17:"\0GameCard\0visable";i:1;}i:18;O:8:"GameCard":12:{s:12:"\0GameCard\0id";s:2:"18";s:14:"\0GameCard\0type";s:8:"creature";s:19:"\0GameCard\0puissance";s:1:"4";s:15:"\0GameCard\0pvMax";s:1:"3";s:14:"\0GameCard\0mana";s:1:"3";s:17:"\0GameCard\0abilite";a:1:{i:0;s:1:"2";}s:12:"\0GameCard\0pv";s:1:"3";s:22:"\0GameCard\0localisation";i:1;s:16:"\0GameCard\0indice";i:2;s:14:"\0GameCard\0path";s:36:".\\assets\\img\\gabarit\\creature\\18.png";s:16:"\0GameCard\0active";i:0;s:17:"\0GameCard\0visable";i:1;}i:19;O:8:"GameCard":12:{s:12:"\0GameCard\0id";s:2:"17";s:14:"\0GameCard\0type";s:8:"creature";s:19:"\0GameCard\0puissance";s:1:"2";s:15:"\0GameCard\0pvMax";s:1:"3";s:14:"\0GameCard\0mana";s:1:"2";s:17:"\0GameCard\0abilite";a:1:{i:0;i:0;}s:12:"\0GameCard\0pv";s:1:"3";s:22:"\0GameCard\0localisation";i:1;s:16:"\0GameCard\0indice";i:2;s:14:"\0GameCard\0path";s:36:".\\assets\\img\\gabarit\\creature\\17.png";s:16:"\0GameCard\0active";i:0;s:17:"\0GameCard\0visable";i:1;}}s:15:"\0GameDeck\0heros";s:1:"2";}s:12:"\0Joueur\0main";a:0:{}s:14:"\0Joueur\0pioche";a:20:{i:0;r:324;i:1;r:338;i:2;r:352;i:3;r:366;i:4;r:380;i:5;r:394;i:6;r:408;i:7;r:422;i:8;r:436;i:9;r:450;i:10;r:464;i:11;r:478;i:12;r:492;i:13;r:506;i:14;r:520;i:15;r:534;i:16;r:548;i:17;r:562;i:18;r:576;i:19;r:590;}s:15:"\0Joueur\0plateau";a:0:{}s:16:"\0Joueur\0defausse";a:0:{}s:10:"\0Joueur\0pv";i:20;s:12:"\0Joueur\0mana";i:0;s:15:"\0Joueur\0visable";i:1;}i:2;O:6:"Joueur":9:{s:10:"\0Joueur\0id";s:1:"7";s:12:"\0Joueur\0deck";O:8:"GameDeck":3:{s:12:"\0GameDeck\0id";s:1:"3";s:16:"\0GameDeck\0cartes";a:20:{i:0;O:8:"GameCard":12:{s:12:"\0GameCard\0id";s:1:"8";s:14:"\0GameCard\0type";s:8:"creature";s:19:"\0GameCard\0puissance";s:1:"7";s:15:"\0GameCard\0pvMax";s:1:"5";s:14:"\0GameCard\0mana";s:1:"5";s:17:"\0GameCard\0abilite";a:1:{i:0;s:1:"2";}s:12:"\0GameCard\0pv";s:1:"5";s:22:"\0GameCard\0localisation";i:1;s:16:"\0GameCard\0indice";i:2;s:14:"\0GameCard\0path";s:35:".\\assets\\img\\gabarit\\creature\\8.png";s:16:"\0GameCard\0active";i:0;s:17:"\0GameCard\0visable";i:1;}i:1;O:8:"GameCard":12:{s:12:"\0GameCard\0id";s:2:"12";s:14:"\0GameCard\0type";s:8:"speciale";s:19:"\0GameCard\0puissance";s:1:"9";s:15:"\0GameCard\0pvMax";s:1:"9";s:14:"\0GameCard\0mana";s:1:"9";s:17:"\0GameCard\0abilite";a:1:{i:0;i:0;}s:12:"\0GameCard\0pv";s:1:"9";s:22:"\0GameCard\0localisation";i:1;s:16:"\0GameCard\0indice";i:1;s:14:"\0GameCard\0path";s:36:".\\assets\\img\\gabarit\\speciale\\12.png";s:16:"\0GameCard\0active";i:0;s:17:"\0GameCard\0visable";i:1;}i:2;O:8:"GameCard":12:{s:12:"\0GameCard\0id";s:1:"5";s:14:"\0GameCard\0type";s:8:"creature";s:19:"\0GameCard\0puissance";s:1:"2";s:15:"\0GameCard\0pvMax";s:1:"3";s:14:"\0GameCard\0mana";s:1:"2";s:17:"\0GameCard\0abilite";a:1:{i:0;i:0;}s:12:"\0GameCard\0pv";s:1:"3";s:22:"\0GameCard\0localisation";i:1;s:16:"\0GameCard\0indice";i:2;s:14:"\0GameCard\0path";s:35:".\\assets\\img\\gabarit\\creature\\5.png";s:16:"\0GameCard\0active";i:0;s:17:"\0GameCard\0visable";i:1;}i:3;O:8:"GameCard":12:{s:12:"\0GameCard\0id";s:1:"8";s:14:"\0GameCard\0type";s:8:"creature";s:19:"\0GameCard\0puissance";s:1:"7";s:15:"\0GameCard\0pvMax";s:1:"5";s:14:"\0GameCard\0mana";s:1:"5";s:17:"\0GameCard\0abilite";a:1:{i:0;s:1:"2";}s:12:"\0GameCard\0pv";s:1:"5";s:22:"\0GameCard\0localisation";i:1;s:16:"\0GameCard\0indice";i:1;s:14:"\0GameCard\0path";s:35:".\\assets\\img\\gabarit\\creature\\8.png";s:16:"\0GameCard\0active";i:0;s:17:"\0GameCard\0visable";i:1;}i:4;O:8:"GameCard":12:{s:12:"\0GameCard\0id";s:2:"11";s:14:"\0GameCard\0type";s:8:"creature";s:19:"\0GameCard\0puissance";s:1:"3";s:15:"\0GameCard\0pvMax";s:1:"6";s:14:"\0GameCard\0mana";s:1:"3";s:17:"\0GameCard\0abilite";a:2:{i:0;s:1:"3";i:1;s:1:"1";}s:12:"\0GameCard\0pv";s:1:"6";s:22:"\0GameCard\0localisation";i:1;s:16:"\0GameCard\0indice";i:1;s:14:"\0GameCard\0path";s:36:".\\assets\\img\\gabarit\\creature\\11.png";s:16:"\0GameCard\0active";i:0;s:17:"\0GameCard\0visable";i:1;}i:5;O:8:"GameCard":12:{s:12:"\0GameCard\0id";s:1:"5";s:14:"\0GameCard\0type";s:8:"creature";s:19:"\0GameCard\0puissance";s:1:"2";s:15:"\0GameCard\0pvMax";s:1:"3";s:14:"\0GameCard\0mana";s:1:"2";s:17:"\0GameCard\0abilite";a:1:{i:0;i:0;}s:12:"\0GameCard\0pv";s:1:"3";s:22:"\0GameCard\0localisation";i:1;s:16:"\0GameCard\0indice";i:1;s:14:"\0GameCard\0path";s:35:".\\assets\\img\\gabarit\\creature\\5.png";s:16:"\0GameCard\0active";i:0;s:17:"\0GameCard\0visable";i:1;}i:6;O:8:"GameCard":12:{s:12:"\0GameCard\0id";s:1:"3";s:14:"\0GameCard\0type";s:4:"sort";s:19:"\0GameCard\0puissance";s:1:"6";s:15:"\0GameCard\0pvMax";N;s:14:"\0GameCard\0mana";s:1:"5";s:17:"\0GameCard\0abilite";a:1:{i:0;i:0;}s:12:"\0GameCard\0pv";N;s:22:"\0GameCard\0localisation";i:1;s:16:"\0GameCard\0indice";i:1;s:14:"\0GameCard\0path";s:31:".\\assets\\img\\gabarit\\sort\\3.png";s:16:"\0GameCard\0active";i:0;s:17:"\0GameCard\0visable";i:1;}i:7;O:8:"GameCard":12:{s:12:"\0GameCard\0id";s:1:"4";s:14:"\0GameCard\0type";s:8:"creature";s:19:"\0GameCard\0puissance";s:1:"2";s:15:"\0GameCard\0pvMax";s:1:"1";s:14:"\0GameCard\0mana";s:1:"1";s:17:"\0GameCard\0abilite";a:1:{i:0;i:0;}s:12:"\0GameCard\0pv";s:1:"1";s:22:"\0GameCard\0localisation";i:1;s:16:"\0GameCard\0indice";i:2;s:14:"\0GameCard\0path";s:35:".\\assets\\img\\gabarit\\creature\\4.png";s:16:"\0GameCard\0active";i:0;s:17:"\0GameCard\0visable";i:1;}i:8;O:8:"GameCard":12:{s:12:"\0GameCard\0id";s:1:"7";s:14:"\0GameCard\0type";s:8:"creature";s:19:"\0GameCard\0puissance";s:1:"2";s:15:"\0GameCard\0pvMax";s:1:"4";s:14:"\0GameCard\0mana";s:1:"4";s:17:"\0GameCard\0abilite";a:1:{i:0;i:0;}s:12:"\0GameCard\0pv";s:1:"4";s:22:"\0GameCard\0localisation";i:1;s:16:"\0GameCard\0indice";i:1;s:14:"\0GameCard\0path";s:35:".\\assets\\img\\gabarit\\creature\\7.png";s:16:"\0GameCard\0active";i:0;s:17:"\0GameCard\0visable";i:1;}i:9;O:8:"GameCard":12:{s:12:"\0GameCard\0id";s:1:"6";s:14:"\0GameCard\0type";s:8:"creature";s:19:"\0GameCard\0puissance";s:1:"5";s:15:"\0GameCard\0pvMax";s:1:"3";s:14:"\0GameCard\0mana";s:1:"3";s:17:"\0GameCard\0abilite";a:1:{i:0;i:0;}s:12:"\0GameCard\0pv";s:1:"3";s:22:"\0GameCard\0localisation";i:1;s:16:"\0GameCard\0indice";i:1;s:14:"\0GameCard\0path";s:35:".\\assets\\img\\gabarit\\creature\\6.png";s:16:"\0GameCard\0active";i:0;s:17:"\0GameCard\0visable";i:1;}i:10;O:8:"GameCard":12:{s:12:"\0GameCard\0id";s:1:"9";s:14:"\0GameCard\0type";s:8:"creature";s:19:"\0GameCard\0puissance";s:1:"8";s:15:"\0GameCard\0pvMax";s:1:"6";s:14:"\0GameCard\0mana";s:1:"7";s:17:"\0GameCard\0abilite";a:1:{i:0;i:0;}s:12:"\0GameCard\0pv";s:1:"6";s:22:"\0GameCard\0localisation";i:1;s:16:"\0GameCard\0indice";i:2;s:14:"\0GameCard\0path";s:35:".\\assets\\img\\gabarit\\creature\\9.png";s:16:"\0GameCard\0active";i:0;s:17:"\0GameCard\0visable";i:1;}i:11;O:8:"GameCard":12:{s:12:"\0GameCard\0id";s:2:"11";s:14:"\0GameCard\0type";s:8:"creature";s:19:"\0GameCard\0puissance";s:1:"3";s:15:"\0GameCard\0pvMax";s:1:"6";s:14:"\0GameCard\0mana";s:1:"3";s:17:"\0GameCard\0abilite";a:2:{i:0;s:1:"3";i:1;s:1:"1";}s:12:"\0GameCard\0pv";s:1:"6";s:22:"\0GameCard\0localisation";i:1;s:16:"\0GameCard\0indice";i:2;s:14:"\0GameCard\0path";s:36:".\\assets\\img\\gabarit\\creature\\11.png";s:16:"\0GameCard\0active";i:0;s:17:"\0GameCard\0visable";i:1;}i:12;O:8:"GameCard":12:{s:12:"\0GameCard\0id";s:1:"1";s:14:"\0GameCard\0type";s:4:"sort";s:19:"\0GameCard\0puissance";s:1:"1";s:15:"\0GameCard\0pvMax";N;s:14:"\0GameCard\0mana";s:1:"1";s:17:"\0GameCard\0abilite";a:1:{i:0;i:0;}s:12:"\0GameCard\0pv";N;s:22:"\0GameCard\0localisation";i:1;s:16:"\0GameCard\0indice";i:1;s:14:"\0GameCard\0path";s:31:".\\assets\\img\\gabarit\\sort\\1.png";s:16:"\0GameCard\0active";i:0;s:17:"\0GameCard\0visable";i:1;}i:13;O:8:"GameCard":12:{s:12:"\0GameCard\0id";s:1:"4";s:14:"\0GameCard\0type";s:8:"creature";s:19:"\0GameCard\0puissance";s:1:"2";s:15:"\0GameCard\0pvMax";s:1:"1";s:14:"\0GameCard\0mana";s:1:"1";s:17:"\0GameCard\0abilite";a:1:{i:0;i:0;}s:12:"\0GameCard\0pv";s:1:"1";s:22:"\0GameCard\0localisation";i:1;s:16:"\0GameCard\0indice";i:1;s:14:"\0GameCard\0path";s:35:".\\assets\\img\\gabarit\\creature\\4.png";s:16:"\0GameCard\0active";i:0;s:17:"\0GameCard\0visable";i:1;}i:14;O:8:"GameCard":12:{s:12:"\0GameCard\0id";s:1:"7";s:14:"\0GameCard\0type";s:8:"creature";s:19:"\0GameCard\0puissance";s:1:"2";s:15:"\0GameCard\0pvMax";s:1:"4";s:14:"\0GameCard\0mana";s:1:"4";s:17:"\0GameCard\0abilite";a:1:{i:0;i:0;}s:12:"\0GameCard\0pv";s:1:"4";s:22:"\0GameCard\0localisation";i:1;s:16:"\0GameCard\0indice";i:2;s:14:"\0GameCard\0path";s:35:".\\assets\\img\\gabarit\\creature\\7.png";s:16:"\0GameCard\0active";i:0;s:17:"\0GameCard\0visable";i:1;}i:15;O:8:"GameCard":12:{s:12:"\0GameCard\0id";s:1:"6";s:14:"\0GameCard\0type";s:8:"creature";s:19:"\0GameCard\0puissance";s:1:"5";s:15:"\0GameCard\0pvMax";s:1:"3";s:14:"\0GameCard\0mana";s:1:"3";s:17:"\0GameCard\0abilite";a:1:{i:0;i:0;}s:12:"\0GameCard\0pv";s:1:"3";s:22:"\0GameCard\0localisation";i:1;s:16:"\0GameCard\0indice";i:2;s:14:"\0GameCard\0path";s:35:".\\assets\\img\\gabarit\\creature\\6.png";s:16:"\0GameCard\0active";i:0;s:17:"\0GameCard\0visable";i:1;}i:16;O:8:"GameCard":12:{s:12:"\0GameCard\0id";s:2:"10";s:14:"\0GameCard\0type";s:8:"creature";s:19:"\0GameCard\0puissance";s:1:"1";s:15:"\0GameCard\0pvMax";s:1:"3";s:14:"\0GameCard\0mana";s:1:"1";s:17:"\0GameCard\0abilite";a:1:{i:0;s:1:"1";}s:12:"\0GameCard\0pv";s:1:"3";s:22:"\0GameCard\0localisation";i:1;s:16:"\0GameCard\0indice";i:1;s:14:"\0GameCard\0path";s:36:".\\assets\\img\\gabarit\\creature\\10.png";s:16:"\0GameCard\0active";i:0;s:17:"\0GameCard\0visable";i:1;}i:17;O:8:"GameCard":12:{s:12:"\0GameCard\0id";s:1:"9";s:14:"\0GameCard\0type";s:8:"creature";s:19:"\0GameCard\0puissance";s:1:"8";s:15:"\0GameCard\0pvMax";s:1:"6";s:14:"\0GameCard\0mana";s:1:"7";s:17:"\0GameCard\0abilite";a:1:{i:0;i:0;}s:12:"\0GameCard\0pv";s:1:"6";s:22:"\0GameCard\0localisation";i:1;s:16:"\0GameCard\0indice";i:1;s:14:"\0GameCard\0path";s:35:".\\assets\\img\\gabarit\\creature\\9.png";s:16:"\0GameCard\0active";i:0;s:17:"\0GameCard\0visable";i:1;}i:18;O:8:"GameCard":12:{s:12:"\0GameCard\0id";s:1:"2";s:14:"\0GameCard\0type";s:4:"sort";s:19:"\0GameCard\0puissance";s:1:"4";s:15:"\0GameCard\0pvMax";N;s:14:"\0GameCard\0mana";s:1:"3";s:17:"\0GameCard\0abilite";a:1:{i:0;s:1:"3";}s:12:"\0GameCard\0pv";N;s:22:"\0GameCard\0localisation";i:1;s:16:"\0GameCard\0indice";i:1;s:14:"\0GameCard\0path";s:31:".\\assets\\img\\gabarit\\sort\\2.png";s:16:"\0GameCard\0active";i:0;s:17:"\0GameCard\0visable";i:1;}i:19;O:8:"GameCard":12:{s:12:"\0GameCard\0id";s:2:"10";s:14:"\0GameCard\0type";s:8:"creature";s:19:"\0GameCard\0puissance";s:1:"1";s:15:"\0GameCard\0pvMax";s:1:"3";s:14:"\0GameCard\0mana";s:1:"1";s:17:"\0GameCard\0abilite";a:1:{i:0;s:1:"1";}s:12:"\0GameCard\0pv";s:1:"3";s:22:"\0GameCard\0localisation";i:1;s:16:"\0GameCard\0indice";i:2;s:14:"\0GameCard\0path";s:36:".\\assets\\img\\gabarit\\creature\\10.png";s:16:"\0GameCard\0active";i:0;s:17:"\0GameCard\0visable";i:1;}}s:15:"\0GameDeck\0heros";s:1:"1";}s:12:"\0Joueur\0main";a:0:{}s:14:"\0Joueur\0pioche";a:20:{i:0;r:637;i:1;r:651;i:2;r:665;i:3;r:679;i:4;r:693;i:5;r:708;i:6;r:722;i:7;r:736;i:8;r:750;i:9;r:764;i:10;r:778;i:11;r:792;i:12;r:807;i:13;r:821;i:14;r:835;i:15;r:849;i:16;r:863;i:17;r:877;i:18;r:891;i:19;r:905;}s:15:"\0Joueur\0plateau";a:0:{}s:16:"\0Joueur\0defausse";a:0:{}s:10:"\0Joueur\0pv";i:20;s:12:"\0Joueur\0mana";i:0;s:15:"\0Joueur\0visable";i:1;}i:3;O:6:"Joueur":9:{s:10:"\0Joueur\0id";s:1:"8";s:12:"\0Joueur\0deck";O:8:"GameDeck":3:{s:12:"\0GameDeck\0id";s:1:"4";s:16:"\0GameDeck\0cartes";a:20:{i:0;O:8:"GameCard":12:{s:12:"\0GameCard\0id";s:2:"23";s:14:"\0GameCard\0type";s:8:"creature";s:19:"\0GameCard\0puissance";s:1:"3";s:15:"\0GameCard\0pvMax";s:1:"6";s:14:"\0GameCard\0mana";s:1:"3";s:17:"\0GameCard\0abilite";a:1:{i:0;s:1:"1";}s:12:"\0GameCard\0pv";s:1:"6";s:22:"\0GameCard\0localisation";i:1;s:16:"\0GameCard\0indice";i:1;s:14:"\0GameCard\0path";s:36:".\\assets\\img\\gabarit\\creature\\23.png";s:16:"\0GameCard\0active";i:0;s:17:"\0GameCard\0visable";i:1;}i:1;O:8:"GameCard":12:{s:12:"\0GameCard\0id";s:2:"22";s:14:"\0GameCard\0type";s:8:"creature";s:19:"\0GameCard\0puissance";s:1:"1";s:15:"\0GameCard\0pvMax";s:1:"3";s:14:"\0GameCard\0mana";s:1:"1";s:17:"\0GameCard\0abilite";a:1:{i:0;s:1:"1";}s:12:"\0GameCard\0pv";s:1:"3";s:22:"\0GameCard\0localisation";i:1;s:16:"\0GameCard\0indice";i:1;s:14:"\0GameCard\0path";s:36:".\\assets\\img\\gabarit\\creature\\22.png";s:16:"\0GameCard\0active";i:0;s:17:"\0GameCard\0visable";i:1;}i:2;O:8:"GameCard":12:{s:12:"\0GameCard\0id";s:2:"21";s:14:"\0GameCard\0type";s:8:"creature";s:19:"\0GameCard\0puissance";s:1:"8";s:15:"\0GameCard\0pvMax";s:1:"6";s:14:"\0GameCard\0mana";s:1:"7";s:17:"\0GameCard\0abilite";a:1:{i:0;i:0;}s:12:"\0GameCard\0pv";s:1:"6";s:22:"\0GameCard\0localisation";i:1;s:16:"\0GameCard\0indice";i:1;s:14:"\0GameCard\0path";s:36:".\\assets\\img\\gabarit\\creature\\21.png";s:16:"\0GameCard\0active";i:0;s:17:"\0GameCard\0visable";i:1;}i:3;O:8:"GameCard":12:{s:12:"\0GameCard\0id";s:2:"13";s:14:"\0GameCard\0type";s:4:"sort";s:19:"\0GameCard\0puissance";s:1:"2";s:15:"\0GameCard\0pvMax";N;s:14:"\0GameCard\0mana";s:1:"1";s:17:"\0GameCard\0abilite";a:1:{i:0;i:0;}s:12:"\0GameCard\0pv";N;s:22:"\0GameCard\0localisation";i:1;s:16:"\0GameCard\0indice";i:1;s:14:"\0GameCard\0path";s:32:".\\assets\\img\\gabarit\\sort\\13.png";s:16:"\0GameCard\0active";i:0;s:17:"\0GameCard\0visable";i:1;}i:4;O:8:"GameCard":12:{s:12:"\0GameCard\0id";s:2:"19";s:14:"\0GameCard\0type";s:8:"creature";s:19:"\0GameCard\0puissance";s:1:"2";s:15:"\0GameCard\0pvMax";s:1:"4";s:14:"\0GameCard\0mana";s:1:"4";s:17:"\0GameCard\0abilite";a:1:{i:0;i:0;}s:12:"\0GameCard\0pv";s:1:"4";s:22:"\0GameCard\0localisation";i:1;s:16:"\0GameCard\0indice";i:1;s:14:"\0GameCard\0path";s:36:".\\assets\\img\\gabarit\\creature\\19.png";s:16:"\0GameCard\0active";i:0;s:17:"\0GameCard\0visable";i:1;}i:5;O:8:"GameCard":12:{s:12:"\0GameCard\0id";s:2:"23";s:14:"\0GameCard\0type";s:8:"creature";s:19:"\0GameCard\0puissance";s:1:"3";s:15:"\0GameCard\0pvMax";s:1:"6";s:14:"\0GameCard\0mana";s:1:"3";s:17:"\0GameCard\0abilite";a:1:{i:0;s:1:"1";}s:12:"\0GameCard\0pv";s:1:"6";s:22:"\0GameCard\0localisation";i:1;s:16:"\0GameCard\0indice";i:2;s:14:"\0GameCard\0path";s:36:".\\assets\\img\\gabarit\\creature\\23.png";s:16:"\0GameCard\0active";i:0;s:17:"\0GameCard\0visable";i:1;}i:6;O:8:"GameCard":12:{s:12:"\0GameCard\0id";s:2:"21";s:14:"\0GameCard\0type";s:8:"creature";s:19:"\0GameCard\0puissance";s:1:"8";s:15:"\0GameCard\0pvMax";s:1:"6";s:14:"\0GameCard\0mana";s:1:"7";s:17:"\0GameCard\0abilite";a:1:{i:0;i:0;}s:12:"\0GameCard\0pv";s:1:"6";s:22:"\0GameCard\0localisation";i:1;s:16:"\0GameCard\0indice";i:2;s:14:"\0GameCard\0path";s:36:".\\assets\\img\\gabarit\\creature\\21.png";s:16:"\0GameCard\0active";i:0;s:17:"\0GameCard\0visable";i:1;}i:7;O:8:"GameCard":12:{s:12:"\0GameCard\0id";s:2:"16";s:14:"\0GameCard\0type";s:8:"creature";s:19:"\0GameCard\0puissance";s:1:"1";s:15:"\0GameCard\0pvMax";s:1:"1";s:14:"\0GameCard\0mana";s:1:"1";s:17:"\0GameCard\0abilite";a:1:{i:0;i:0;}s:12:"\0GameCard\0pv";s:1:"1";s:22:"\0GameCard\0localisation";i:1;s:16:"\0GameCard\0indice";i:2;s:14:"\0GameCard\0path";s:36:".\\assets\\img\\gabarit\\creature\\16.png";s:16:"\0GameCard\0active";i:0;s:17:"\0GameCard\0visable";i:1;}i:8;O:8:"GameCard":12:{s:12:"\0GameCard\0id";s:2:"20";s:14:"\0GameCard\0type";s:8:"creature";s:19:"\0GameCard\0puissance";s:1:"6";s:15:"\0GameCard\0pvMax";s:1:"5";s:14:"\0GameCard\0mana";s:1:"5";s:17:"\0GameCard\0abilite";a:1:{i:0;s:1:"3";}s:12:"\0GameCard\0pv";s:1:"5";s:22:"\0GameCard\0localisation";i:1;s:16:"\0GameCard\0indice";i:2;s:14:"\0GameCard\0path";s:36:".\\assets\\img\\gabarit\\creature\\20.png";s:16:"\0GameCard\0active";i:0;s:17:"\0GameCard\0visable";i:1;}i:9;O:8:"GameCard":12:{s:12:"\0GameCard\0id";s:2:"18";s:14:"\0GameCard\0type";s:8:"creature";s:19:"\0GameCard\0puissance";s:1:"4";s:15:"\0GameCard\0pvMax";s:1:"3";s:14:"\0GameCard\0mana";s:1:"3";s:17:"\0GameCard\0abilite";a:1:{i:0;s:1:"2";}s:12:"\0GameCard\0pv";s:1:"3";s:22:"\0GameCard\0localisation";i:1;s:16:"\0GameCard\0indice";i:1;s:14:"\0GameCard\0path";s:36:".\\assets\\img\\gabarit\\creature\\18.png";s:16:"\0GameCard\0active";i:0;s:17:"\0GameCard\0visable";i:1;}i:10;O:8:"GameCard":12:{s:12:"\0GameCard\0id";s:2:"19";s:14:"\0GameCard\0type";s:8:"creature";s:19:"\0GameCard\0puissance";s:1:"2";s:15:"\0GameCard\0pvMax";s:1:"4";s:14:"\0GameCard\0mana";s:1:"4";s:17:"\0GameCard\0abilite";a:1:{i:0;i:0;}s:12:"\0GameCard\0pv";s:1:"4";s:22:"\0GameCard\0localisation";i:1;s:16:"\0GameCard\0indice";i:2;s:14:"\0GameCard\0path";s:36:".\\assets\\img\\gabarit\\creature\\19.png";s:16:"\0GameCard\0active";i:0;s:17:"\0GameCard\0visable";i:1;}i:11;O:8:"GameCard":12:{s:12:"\0GameCard\0id";s:2:"15";s:14:"\0GameCard\0type";s:4:"sort";s:19:"\0GameCard\0puissance";s:1:"7";s:15:"\0GameCard\0pvMax";N;s:14:"\0GameCard\0mana";s:1:"5";s:17:"\0GameCard\0abilite";a:1:{i:0;i:0;}s:12:"\0GameCard\0pv";N;s:22:"\0GameCard\0localisation";i:1;s:16:"\0GameCard\0indice";i:1;s:14:"\0GameCard\0path";s:32:".\\assets\\img\\gabarit\\sort\\15.png";s:16:"\0GameCard\0active";i:0;s:17:"\0GameCard\0visable";i:1;}i:12;O:8:"GameCard":12:{s:12:"\0GameCard\0id";s:2:"14";s:14:"\0GameCard\0type";s:4:"sort";s:19:"\0GameCard\0puissance";s:1:"5";s:15:"\0GameCard\0pvMax";N;s:14:"\0GameCard\0mana";s:1:"3";s:17:"\0GameCard\0abilite";a:1:{i:0;s:1:"3";}s:12:"\0GameCard\0pv";N;s:22:"\0GameCard\0localisation";i:1;s:16:"\0GameCard\0indice";i:1;s:14:"\0GameCard\0path";s:32:".\\assets\\img\\gabarit\\sort\\14.png";s:16:"\0GameCard\0active";i:0;s:17:"\0GameCard\0visable";i:1;}i:13;O:8:"GameCard":12:{s:12:"\0GameCard\0id";s:2:"22";s:14:"\0GameCard\0type";s:8:"creature";s:19:"\0GameCard\0puissance";s:1:"1";s:15:"\0GameCard\0pvMax";s:1:"3";s:14:"\0GameCard\0mana";s:1:"1";s:17:"\0GameCard\0abilite";a:1:{i:0;s:1:"1";}s:12:"\0GameCard\0pv";s:1:"3";s:22:"\0GameCard\0localisation";i:1;s:16:"\0GameCard\0indice";i:2;s:14:"\0GameCard\0path";s:36:".\\assets\\img\\gabarit\\creature\\22.png";s:16:"\0GameCard\0active";i:0;s:17:"\0GameCard\0visable";i:1;}i:14;O:8:"GameCard":12:{s:12:"\0GameCard\0id";s:2:"17";s:14:"\0GameCard\0type";s:8:"creature";s:19:"\0GameCard\0puissance";s:1:"2";s:15:"\0GameCard\0pvMax";s:1:"3";s:14:"\0GameCard\0mana";s:1:"2";s:17:"\0GameCard\0abilite";a:1:{i:0;i:0;}s:12:"\0GameCard\0pv";s:1:"3";s:22:"\0GameCard\0localisation";i:1;s:16:"\0GameCard\0indice";i:1;s:14:"\0GameCard\0path";s:36:".\\assets\\img\\gabarit\\creature\\17.png";s:16:"\0GameCard\0active";i:0;s:17:"\0GameCard\0visable";i:1;}i:15;O:8:"GameCard":12:{s:12:"\0GameCard\0id";s:2:"16";s:14:"\0GameCard\0type";s:8:"creature";s:19:"\0GameCard\0puissance";s:1:"1";s:15:"\0GameCard\0pvMax";s:1:"1";s:14:"\0GameCard\0mana";s:1:"1";s:17:"\0GameCard\0abilite";a:1:{i:0;i:0;}s:12:"\0GameCard\0pv";s:1:"1";s:22:"\0GameCard\0localisation";i:1;s:16:"\0GameCard\0indice";i:1;s:14:"\0GameCard\0path";s:36:".\\assets\\img\\gabarit\\creature\\16.png";s:16:"\0GameCard\0active";i:0;s:17:"\0GameCard\0visable";i:1;}i:16;O:8:"GameCard":12:{s:12:"\0GameCard\0id";s:2:"20";s:14:"\0GameCard\0type";s:8:"creature";s:19:"\0GameCard\0puissance";s:1:"6";s:15:"\0GameCard\0pvMax";s:1:"5";s:14:"\0GameCard\0mana";s:1:"5";s:17:"\0GameCard\0abilite";a:1:{i:0;s:1:"3";}s:12:"\0GameCard\0pv";s:1:"5";s:22:"\0GameCard\0localisation";i:1;s:16:"\0GameCard\0indice";i:1;s:14:"\0GameCard\0path";s:36:".\\assets\\img\\gabarit\\creature\\20.png";s:16:"\0GameCard\0active";i:0;s:17:"\0GameCard\0visable";i:1;}i:17;O:8:"GameCard":12:{s:12:"\0GameCard\0id";s:2:"24";s:14:"\0GameCard\0type";s:8:"speciale";s:19:"\0GameCard\0puissance";s:1:"9";s:15:"\0GameCard\0pvMax";s:1:"9";s:14:"\0GameCard\0mana";s:1:"9";s:17:"\0GameCard\0abilite";a:1:{i:0;i:0;}s:12:"\0GameCard\0pv";s:1:"9";s:22:"\0GameCard\0localisation";i:1;s:16:"\0GameCard\0indice";i:1;s:14:"\0GameCard\0path";s:36:".\\assets\\img\\gabarit\\speciale\\24.png";s:16:"\0GameCard\0active";i:0;s:17:"\0GameCard\0visable";i:1;}i:18;O:8:"GameCard":12:{s:12:"\0GameCard\0id";s:2:"18";s:14:"\0GameCard\0type";s:8:"creature";s:19:"\0GameCard\0puissance";s:1:"4";s:15:"\0GameCard\0pvMax";s:1:"3";s:14:"\0GameCard\0mana";s:1:"3";s:17:"\0GameCard\0abilite";a:1:{i:0;s:1:"2";}s:12:"\0GameCard\0pv";s:1:"3";s:22:"\0GameCard\0localisation";i:1;s:16:"\0GameCard\0indice";i:2;s:14:"\0GameCard\0path";s:36:".\\assets\\img\\gabarit\\creature\\18.png";s:16:"\0GameCard\0active";i:0;s:17:"\0GameCard\0visable";i:1;}i:19;O:8:"GameCard":12:{s:12:"\0GameCard\0id";s:2:"17";s:14:"\0GameCard\0type";s:8:"creature";s:19:"\0GameCard\0puissance";s:1:"2";s:15:"\0GameCard\0pvMax";s:1:"3";s:14:"\0GameCard\0mana";s:1:"2";s:17:"\0GameCard\0abilite";a:1:{i:0;i:0;}s:12:"\0GameCard\0pv";s:1:"3";s:22:"\0GameCard\0localisation";i:1;s:16:"\0GameCard\0indice";i:2;s:14:"\0GameCard\0path";s:36:".\\assets\\img\\gabarit\\creature\\17.png";s:16:"\0GameCard\0active";i:0;s:17:"\0GameCard\0visable";i:1;}}s:15:"\0GameDeck\0heros";s:1:"2";}s:12:"\0Joueur\0main";a:0:{}s:14:"\0Joueur\0pioche";a:20:{i:0;r:952;i:1;r:966;i:2;r:980;i:3;r:994;i:4;r:1008;i:5;r:1022;i:6;r:1036;i:7;r:1050;i:8;r:1064;i:9;r:1078;i:10;r:1092;i:11;r:1106;i:12;r:1120;i:13;r:1134;i:14;r:1148;i:15;r:1162;i:16;r:1176;i:17;r:1190;i:18;r:1204;i:19;r:1218;}s:15:"\0Joueur\0plateau";a:0:{}s:16:"\0Joueur\0defausse";a:0:{}s:10:"\0Joueur\0pv";i:20;s:12:"\0Joueur\0mana";i:0;s:15:"\0Joueur\0visable";i:1;}i:4;O:6:"Joueur":9:{s:10:"\0Joueur\0id";s:1:"7";s:12:"\0Joueur\0deck";O:8:"GameDeck":3:{s:12:"\0GameDeck\0id";s:1:"3";s:16:"\0GameDeck\0cartes";a:20:{i:0;O:8:"GameCard":12:{s:12:"\0GameCard\0id";s:1:"8";s:14:"\0GameCard\0type";s:8:"creature";s:19:"\0GameCard\0puissance";s:1:"7";s:15:"\0GameCard\0pvMax";s:1:"5";s:14:"\0GameCard\0mana";s:1:"5";s:17:"\0GameCard\0abilite";a:1:{i:0;s:1:"2";}s:12:"\0GameCard\0pv";s:1:"5";s:22:"\0GameCard\0localisation";i:2;s:16:"\0GameCard\0indice";i:2;s:14:"\0GameCard\0path";s:35:".\\assets\\img\\gabarit\\creature\\8.png";s:16:"\0GameCard\0active";i:0;s:17:"\0GameCard\0visable";i:1;}i:1;O:8:"GameCard":12:{s:12:"\0GameCard\0id";s:2:"12";s:14:"\0GameCard\0type";s:8:"speciale";s:19:"\0GameCard\0puissance";s:1:"9";s:15:"\0GameCard\0pvMax";s:1:"9";s:14:"\0GameCard\0mana";s:1:"9";s:17:"\0GameCard\0abilite";a:1:{i:0;i:0;}s:12:"\0GameCard\0pv";s:1:"9";s:22:"\0GameCard\0localisation";i:2;s:16:"\0GameCard\0indice";i:1;s:14:"\0GameCard\0path";s:36:".\\assets\\img\\gabarit\\speciale\\12.png";s:16:"\0GameCard\0active";i:0;s:17:"\0GameCard\0visable";i:1;}i:2;O:8:"GameCard":12:{s:12:"\0GameCard\0id";s:1:"5";s:14:"\0GameCard\0type";s:8:"creature";s:19:"\0GameCard\0puissance";s:1:"2";s:15:"\0GameCard\0pvMax";s:1:"3";s:14:"\0GameCard\0mana";s:1:"2";s:17:"\0GameCard\0abilite";a:1:{i:0;i:0;}s:12:"\0GameCard\0pv";s:1:"3";s:22:"\0GameCard\0localisation";i:2;s:16:"\0GameCard\0indice";i:2;s:14:"\0GameCard\0path";s:35:".\\assets\\img\\gabarit\\creature\\5.png";s:16:"\0GameCard\0active";i:0;s:17:"\0GameCard\0visable";i:1;}i:3;O:8:"GameCard":12:{s:12:"\0GameCard\0id";s:1:"8";s:14:"\0GameCard\0type";s:8:"creature";s:19:"\0GameCard\0puissance";s:1:"7";s:15:"\0GameCard\0pvMax";s:1:"5";s:14:"\0GameCard\0mana";s:1:"5";s:17:"\0GameCard\0abilite";a:1:{i:0;s:1:"2";}s:12:"\0GameCard\0pv";s:1:"5";s:22:"\0GameCard\0localisation";i:1;s:16:"\0GameCard\0indice";i:1;s:14:"\0GameCard\0path";s:35:".\\assets\\img\\gabarit\\creature\\8.png";s:16:"\0GameCard\0active";i:0;s:17:"\0GameCard\0visable";i:1;}i:4;O:8:"GameCard":12:{s:12:"\0GameCard\0id";s:2:"11";s:14:"\0GameCard\0type";s:8:"creature";s:19:"\0GameCard\0puissance";s:1:"3";s:15:"\0GameCard\0pvMax";s:1:"6";s:14:"\0GameCard\0mana";s:1:"3";s:17:"\0GameCard\0abilite";a:2:{i:0;s:1:"3";i:1;s:1:"1";}s:12:"\0GameCard\0pv";s:1:"6";s:22:"\0GameCard\0localisation";i:1;s:16:"\0GameCard\0indice";i:1;s:14:"\0GameCard\0path";s:36:".\\assets\\img\\gabarit\\creature\\11.png";s:16:"\0GameCard\0active";i:0;s:17:"\0GameCard\0visable";i:1;}i:5;O:8:"GameCard":12:{s:12:"\0GameCard\0id";s:1:"5";s:14:"\0GameCard\0type";s:8:"creature";s:19:"\0GameCard\0puissance";s:1:"2";s:15:"\0GameCard\0pvMax";s:1:"3";s:14:"\0GameCard\0mana";s:1:"2";s:17:"\0GameCard\0abilite";a:1:{i:0;i:0;}s:12:"\0GameCard\0pv";s:1:"3";s:22:"\0GameCard\0localisation";i:1;s:16:"\0GameCard\0indice";i:1;s:14:"\0GameCard\0path";s:35:".\\assets\\img\\gabarit\\creature\\5.png";s:16:"\0GameCard\0active";i:0;s:17:"\0GameCard\0visable";i:1;}i:6;O:8:"GameCard":12:{s:12:"\0GameCard\0id";s:1:"3";s:14:"\0GameCard\0type";s:4:"sort";s:19:"\0GameCard\0puissance";s:1:"6";s:15:"\0GameCard\0pvMax";N;s:14:"\0GameCard\0mana";s:1:"5";s:17:"\0GameCard\0abilite";a:1:{i:0;i:0;}s:12:"\0GameCard\0pv";N;s:22:"\0GameCard\0localisation";i:1;s:16:"\0GameCard\0indice";i:1;s:14:"\0GameCard\0path";s:31:".\\assets\\img\\gabarit\\sort\\3.png";s:16:"\0GameCard\0active";i:0;s:17:"\0GameCard\0visable";i:1;}i:7;O:8:"GameCard":12:{s:12:"\0GameCard\0id";s:1:"4";s:14:"\0GameCard\0type";s:8:"creature";s:19:"\0GameCard\0puissance";s:1:"2";s:15:"\0GameCard\0pvMax";s:1:"1";s:14:"\0GameCard\0mana";s:1:"1";s:17:"\0GameCard\0abilite";a:1:{i:0;i:0;}s:12:"\0GameCard\0pv";s:1:"1";s:22:"\0GameCard\0localisation";i:1;s:16:"\0GameCard\0indice";i:2;s:14:"\0GameCard\0path";s:35:".\\assets\\img\\gabarit\\creature\\4.png";s:16:"\0GameCard\0active";i:0;s:17:"\0GameCard\0visable";i:1;}i:8;O:8:"GameCard":12:{s:12:"\0GameCard\0id";s:1:"7";s:14:"\0GameCard\0type";s:8:"creature";s:19:"\0GameCard\0puissance";s:1:"2";s:15:"\0GameCard\0pvMax";s:1:"4";s:14:"\0GameCard\0mana";s:1:"4";s:17:"\0GameCard\0abilite";a:1:{i:0;i:0;}s:12:"\0GameCard\0pv";s:1:"4";s:22:"\0GameCard\0localisation";i:1;s:16:"\0GameCard\0indice";i:1;s:14:"\0GameCard\0path";s:35:".\\assets\\img\\gabarit\\creature\\7.png";s:16:"\0GameCard\0active";i:0;s:17:"\0GameCard\0visable";i:1;}i:9;O:8:"GameCard":12:{s:12:"\0GameCard\0id";s:1:"6";s:14:"\0GameCard\0type";s:8:"creature";s:19:"\0GameCard\0puissance";s:1:"5";s:15:"\0GameCard\0pvMax";s:1:"3";s:14:"\0GameCard\0mana";s:1:"3";s:17:"\0GameCard\0abilite";a:1:{i:0;i:0;}s:12:"\0GameCard\0pv";s:1:"3";s:22:"\0GameCard\0localisation";i:1;s:16:"\0GameCard\0indice";i:1;s:14:"\0GameCard\0path";s:35:".\\assets\\img\\gabarit\\creature\\6.png";s:16:"\0GameCard\0active";i:0;s:17:"\0GameCard\0visable";i:1;}i:10;O:8:"GameCard":12:{s:12:"\0GameCard\0id";s:1:"9";s:14:"\0GameCard\0type";s:8:"creature";s:19:"\0GameCard\0puissance";s:1:"8";s:15:"\0GameCard\0pvMax";s:1:"6";s:14:"\0GameCard\0mana";s:1:"7";s:17:"\0GameCard\0abilite";a:1:{i:0;i:0;}s:12:"\0GameCard\0pv";s:1:"6";s:22:"\0GameCard\0localisation";i:1;s:16:"\0GameCard\0indice";i:2;s:14:"\0GameCard\0path";s:35:".\\assets\\img\\gabarit\\creature\\9.png";s:16:"\0GameCard\0active";i:0;s:17:"\0GameCard\0visable";i:1;}i:11;O:8:"GameCard":12:{s:12:"\0GameCard\0id";s:2:"11";s:14:"\0GameCard\0type";s:8:"creature";s:19:"\0GameCard\0puissance";s:1:"3";s:15:"\0GameCard\0pvMax";s:1:"6";s:14:"\0GameCard\0mana";s:1:"3";s:17:"\0GameCard\0abilite";a:2:{i:0;s:1:"3";i:1;s:1:"1";}s:12:"\0GameCard\0pv";s:1:"6";s:22:"\0GameCard\0localisation";i:1;s:16:"\0GameCard\0indice";i:2;s:14:"\0GameCard\0path";s:36:".\\assets\\img\\gabarit\\creature\\11.png";s:16:"\0GameCard\0active";i:0;s:17:"\0GameCard\0visable";i:1;}i:12;O:8:"GameCard":12:{s:12:"\0GameCard\0id";s:1:"1";s:14:"\0GameCard\0type";s:4:"sort";s:19:"\0GameCard\0puissance";s:1:"1";s:15:"\0GameCard\0pvMax";N;s:14:"\0GameCard\0mana";s:1:"1";s:17:"\0GameCard\0abilite";a:1:{i:0;i:0;}s:12:"\0GameCard\0pv";N;s:22:"\0GameCard\0localisation";i:1;s:16:"\0GameCard\0indice";i:1;s:14:"\0GameCard\0path";s:31:".\\assets\\img\\gabarit\\sort\\1.png";s:16:"\0GameCard\0active";i:0;s:17:"\0GameCard\0visable";i:1;}i:13;O:8:"GameCard":12:{s:12:"\0GameCard\0id";s:1:"4";s:14:"\0GameCard\0type";s:8:"creature";s:19:"\0GameCard\0puissance";s:1:"2";s:15:"\0GameCard\0pvMax";s:1:"1";s:14:"\0GameCard\0mana";s:1:"1";s:17:"\0GameCard\0abilite";a:1:{i:0;i:0;}s:12:"\0GameCard\0pv";s:1:"1";s:22:"\0GameCard\0localisation";i:1;s:16:"\0GameCard\0indice";i:1;s:14:"\0GameCard\0path";s:35:".\\assets\\img\\gabarit\\creature\\4.png";s:16:"\0GameCard\0active";i:0;s:17:"\0GameCard\0visable";i:1;}i:14;O:8:"GameCard":12:{s:12:"\0GameCard\0id";s:1:"7";s:14:"\0GameCard\0type";s:8:"creature";s:19:"\0GameCard\0puissance";s:1:"2";s:15:"\0GameCard\0pvMax";s:1:"4";s:14:"\0GameCard\0mana";s:1:"4";s:17:"\0GameCard\0abilite";a:1:{i:0;i:0;}s:12:"\0GameCard\0pv";s:1:"4";s:22:"\0GameCard\0localisation";i:1;s:16:"\0GameCard\0indice";i:2;s:14:"\0GameCard\0path";s:35:".\\assets\\img\\gabarit\\creature\\7.png";s:16:"\0GameCard\0active";i:0;s:17:"\0GameCard\0visable";i:1;}i:15;O:8:"GameCard":12:{s:12:"\0GameCard\0id";s:1:"6";s:14:"\0GameCard\0type";s:8:"creature";s:19:"\0GameCard\0puissance";s:1:"5";s:15:"\0GameCard\0pvMax";s:1:"3";s:14:"\0GameCard\0mana";s:1:"3";s:17:"\0GameCard\0abilite";a:1:{i:0;i:0;}s:12:"\0GameCard\0pv";s:1:"3";s:22:"\0GameCard\0localisation";i:1;s:16:"\0GameCard\0indice";i:2;s:14:"\0GameCard\0path";s:35:".\\assets\\img\\gabarit\\creature\\6.png";s:16:"\0GameCard\0active";i:0;s:17:"\0GameCard\0visable";i:1;}i:16;O:8:"GameCard":12:{s:12:"\0GameCard\0id";s:2:"10";s:14:"\0GameCard\0type";s:8:"creature";s:19:"\0GameCard\0puissance";s:1:"1";s:15:"\0GameCard\0pvMax";s:1:"3";s:14:"\0GameCard\0mana";s:1:"1";s:17:"\0GameCard\0abilite";a:1:{i:0;s:1:"1";}s:12:"\0GameCard\0pv";s:1:"3";s:22:"\0GameCard\0localisation";i:1;s:16:"\0GameCard\0indice";i:1;s:14:"\0GameCard\0path";s:36:".\\assets\\img\\gabarit\\creature\\10.png";s:16:"\0GameCard\0active";i:0;s:17:"\0GameCard\0visable";i:1;}i:17;O:8:"GameCard":12:{s:12:"\0GameCard\0id";s:1:"9";s:14:"\0GameCard\0type";s:8:"creature";s:19:"\0GameCard\0puissance";s:1:"8";s:15:"\0GameCard\0pvMax";s:1:"6";s:14:"\0GameCard\0mana";s:1:"7";s:17:"\0GameCard\0abilite";a:1:{i:0;i:0;}s:12:"\0GameCard\0pv";s:1:"6";s:22:"\0GameCard\0localisation";i:1;s:16:"\0GameCard\0indice";i:1;s:14:"\0GameCard\0path";s:35:".\\assets\\img\\gabarit\\creature\\9.png";s:16:"\0GameCard\0active";i:0;s:17:"\0GameCard\0visable";i:1;}i:18;O:8:"GameCard":12:{s:12:"\0GameCard\0id";s:1:"2";s:14:"\0GameCard\0type";s:4:"sort";s:19:"\0GameCard\0puissance";s:1:"4";s:15:"\0GameCard\0pvMax";N;s:14:"\0GameCard\0mana";s:1:"3";s:17:"\0GameCard\0abilite";a:1:{i:0;s:1:"3";}s:12:"\0GameCard\0pv";N;s:22:"\0GameCard\0localisation";i:1;s:16:"\0GameCard\0indice";i:1;s:14:"\0GameCard\0path";s:31:".\\assets\\img\\gabarit\\sort\\2.png";s:16:"\0GameCard\0active";i:0;s:17:"\0GameCard\0visable";i:1;}i:19;O:8:"GameCard":12:{s:12:"\0GameCard\0id";s:2:"10";s:14:"\0GameCard\0type";s:8:"creature";s:19:"\0GameCard\0puissance";s:1:"1";s:15:"\0GameCard\0pvMax";s:1:"3";s:14:"\0GameCard\0mana";s:1:"1";s:17:"\0GameCard\0abilite";a:1:{i:0;s:1:"1";}s:12:"\0GameCard\0pv";s:1:"3";s:22:"\0GameCard\0localisation";i:1;s:16:"\0GameCard\0indice";i:2;s:14:"\0GameCard\0path";s:36:".\\assets\\img\\gabarit\\creature\\10.png";s:16:"\0GameCard\0active";i:0;s:17:"\0GameCard\0visable";i:1;}}s:15:"\0GameDeck\0heros";s:1:"1";}s:12:"\0Joueur\0main";a:3:{i:82;r:1265;i:121;r:1279;i:52;r:1293;}s:14:"\0Joueur\0pioche";a:17:{i:0;r:1307;i:1;r:1321;i:2;r:1336;i:3;r:1350;i:4;r:1364;i:5;r:1378;i:6;r:1392;i:7;r:1406;i:8;r:1420;i:9;r:1435;i:10;r:1449;i:11;r:1463;i:12;r:1477;i:13;r:1491;i:14;r:1505;i:15;r:1519;i:16;r:1533;}s:15:"\0Joueur\0plateau";a:0:{}s:16:"\0Joueur\0defausse";a:0:{}s:10:"\0Joueur\0pv";i:20;s:12:"\0Joueur\0mana";i:1;s:15:"\0Joueur\0visable";i:1;}i:5;O:6:"Joueur":9:{s:10:"\0Joueur\0id";s:1:"8";s:12:"\0Joueur\0deck";O:8:"GameDeck":3:{s:12:"\0GameDeck\0id";s:1:"4";s:16:"\0GameDeck\0cartes";a:20:{i:0;O:8:"GameCard":12:{s:12:"\0GameCard\0id";s:2:"23";s:14:"\0GameCard\0type";s:8:"creature";s:19:"\0GameCard\0puissance";s:1:"3";s:15:"\0GameCard\0pvMax";s:1:"6";s:14:"\0GameCard\0mana";s:1:"3";s:17:"\0GameCard\0abilite";a:1:{i:0;s:1:"1";}s:12:"\0GameCard\0pv";s:1:"6";s:22:"\0GameCard\0localisation";i:1;s:16:"\0GameCard\0indice";i:1;s:14:"\0GameCard\0path";s:36:".\\assets\\img\\gabarit\\creature\\23.png";s:16:"\0GameCard\0active";i:0;s:17:"\0GameCard\0visable";i:1;}i:1;O:8:"GameCard":12:{s:12:"\0GameCard\0id";s:2:"22";s:14:"\0GameCard\0type";s:8:"creature";s:19:"\0GameCard\0puissance";s:1:"1";s:15:"\0GameCard\0pvMax";s:1:"3";s:14:"\0GameCard\0mana";s:1:"1";s:17:"\0GameCard\0abilite";a:1:{i:0;s:1:"1";}s:12:"\0GameCard\0pv";s:1:"3";s:22:"\0GameCard\0localisation";i:1;s:16:"\0GameCard\0indice";i:1;s:14:"\0GameCard\0path";s:36:".\\assets\\img\\gabarit\\creature\\22.png";s:16:"\0GameCard\0active";i:0;s:17:"\0GameCard\0visable";i:1;}i:2;O:8:"GameCard":12:{s:12:"\0GameCard\0id";s:2:"21";s:14:"\0GameCard\0type";s:8:"creature";s:19:"\0GameCard\0puissance";s:1:"8";s:15:"\0GameCard\0pvMax";s:1:"6";s:14:"\0GameCard\0mana";s:1:"7";s:17:"\0GameCard\0abilite";a:1:{i:0;i:0;}s:12:"\0GameCard\0pv";s:1:"6";s:22:"\0GameCard\0localisation";i:1;s:16:"\0GameCard\0indice";i:1;s:14:"\0GameCard\0path";s:36:".\\assets\\img\\gabarit\\creature\\21.png";s:16:"\0GameCard\0active";i:0;s:17:"\0GameCard\0visable";i:1;}i:3;O:8:"GameCard":12:{s:12:"\0GameCard\0id";s:2:"13";s:14:"\0GameCard\0type";s:4:"sort";s:19:"\0GameCard\0puissance";s:1:"2";s:15:"\0GameCard\0pvMax";N;s:14:"\0GameCard\0mana";s:1:"1";s:17:"\0GameCard\0abilite";a:1:{i:0;i:0;}s:12:"\0GameCard\0pv";N;s:22:"\0GameCard\0localisation";i:1;s:16:"\0GameCard\0indice";i:1;s:14:"\0GameCard\0path";s:32:".\\assets\\img\\gabarit\\sort\\13.png";s:16:"\0GameCard\0active";i:0;s:17:"\0GameCard\0visable";i:1;}i:4;O:8:"GameCard":12:{s:12:"\0GameCard\0id";s:2:"19";s:14:"\0GameCard\0type";s:8:"creature";s:19:"\0GameCard\0puissance";s:1:"2";s:15:"\0GameCard\0pvMax";s:1:"4";s:14:"\0GameCard\0mana";s:1:"4";s:17:"\0GameCard\0abilite";a:1:{i:0;i:0;}s:12:"\0GameCard\0pv";s:1:"4";s:22:"\0GameCard\0localisation";i:1;s:16:"\0GameCard\0indice";i:1;s:14:"\0GameCard\0path";s:36:".\\assets\\img\\gabarit\\creature\\19.png";s:16:"\0GameCard\0active";i:0;s:17:"\0GameCard\0visable";i:1;}i:5;O:8:"GameCard":12:{s:12:"\0GameCard\0id";s:2:"23";s:14:"\0GameCard\0type";s:8:"creature";s:19:"\0GameCard\0puissance";s:1:"3";s:15:"\0GameCard\0pvMax";s:1:"6";s:14:"\0GameCard\0mana";s:1:"3";s:17:"\0GameCard\0abilite";a:1:{i:0;s:1:"1";}s:12:"\0GameCard\0pv";s:1:"6";s:22:"\0GameCard\0localisation";i:1;s:16:"\0GameCard\0indice";i:2;s:14:"\0GameCard\0path";s:36:".\\assets\\img\\gabarit\\creature\\23.png";s:16:"\0GameCard\0active";i:0;s:17:"\0GameCard\0visable";i:1;}i:6;O:8:"GameCard":12:{s:12:"\0GameCard\0id";s:2:"21";s:14:"\0GameCard\0type";s:8:"creature";s:19:"\0GameCard\0puissance";s:1:"8";s:15:"\0GameCard\0pvMax";s:1:"6";s:14:"\0GameCard\0mana";s:1:"7";s:17:"\0GameCard\0abilite";a:1:{i:0;i:0;}s:12:"\0GameCard\0pv";s:1:"6";s:22:"\0GameCard\0localisation";i:1;s:16:"\0GameCard\0indice";i:2;s:14:"\0GameCard\0path";s:36:".\\assets\\img\\gabarit\\creature\\21.png";s:16:"\0GameCard\0active";i:0;s:17:"\0GameCard\0visable";i:1;}i:7;O:8:"GameCard":12:{s:12:"\0GameCard\0id";s:2:"16";s:14:"\0GameCard\0type";s:8:"creature";s:19:"\0GameCard\0puissance";s:1:"1";s:15:"\0GameCard\0pvMax";s:1:"1";s:14:"\0GameCard\0mana";s:1:"1";s:17:"\0GameCard\0abilite";a:1:{i:0;i:0;}s:12:"\0GameCard\0pv";s:1:"1";s:22:"\0GameCard\0localisation";i:1;s:16:"\0GameCard\0indice";i:2;s:14:"\0GameCard\0path";s:36:".\\assets\\img\\gabarit\\creature\\16.png";s:16:"\0GameCard\0active";i:0;s:17:"\0GameCard\0visable";i:1;}i:8;O:8:"GameCard":12:{s:12:"\0GameCard\0id";s:2:"20";s:14:"\0GameCard\0type";s:8:"creature";s:19:"\0GameCard\0puissance";s:1:"6";s:15:"\0GameCard\0pvMax";s:1:"5";s:14:"\0GameCard\0mana";s:1:"5";s:17:"\0GameCard\0abilite";a:1:{i:0;s:1:"3";}s:12:"\0GameCard\0pv";s:1:"5";s:22:"\0GameCard\0localisation";i:1;s:16:"\0GameCard\0indice";i:2;s:14:"\0GameCard\0path";s:36:".\\assets\\img\\gabarit\\creature\\20.png";s:16:"\0GameCard\0active";i:0;s:17:"\0GameCard\0visable";i:1;}i:9;O:8:"GameCard":12:{s:12:"\0GameCard\0id";s:2:"18";s:14:"\0GameCard\0type";s:8:"creature";s:19:"\0GameCard\0puissance";s:1:"4";s:15:"\0GameCard\0pvMax";s:1:"3";s:14:"\0GameCard\0mana";s:1:"3";s:17:"\0GameCard\0abilite";a:1:{i:0;s:1:"2";}s:12:"\0GameCard\0pv";s:1:"3";s:22:"\0GameCard\0localisation";i:1;s:16:"\0GameCard\0indice";i:1;s:14:"\0GameCard\0path";s:36:".\\assets\\img\\gabarit\\creature\\18.png";s:16:"\0GameCard\0active";i:0;s:17:"\0GameCard\0visable";i:1;}i:10;O:8:"GameCard":12:{s:12:"\0GameCard\0id";s:2:"19";s:14:"\0GameCard\0type";s:8:"creature";s:19:"\0GameCard\0puissance";s:1:"2";s:15:"\0GameCard\0pvMax";s:1:"4";s:14:"\0GameCard\0mana";s:1:"4";s:17:"\0GameCard\0abilite";a:1:{i:0;i:0;}s:12:"\0GameCard\0pv";s:1:"4";s:22:"\0GameCard\0localisation";i:1;s:16:"\0GameCard\0indice";i:2;s:14:"\0GameCard\0path";s:36:".\\assets\\img\\gabarit\\creature\\19.png";s:16:"\0GameCard\0active";i:0;s:17:"\0GameCard\0visable";i:1;}i:11;O:8:"GameCard":12:{s:12:"\0GameCard\0id";s:2:"15";s:14:"\0GameCard\0type";s:4:"sort";s:19:"\0GameCard\0puissance";s:1:"7";s:15:"\0GameCard\0pvMax";N;s:14:"\0GameCard\0mana";s:1:"5";s:17:"\0GameCard\0abilite";a:1:{i:0;i:0;}s:12:"\0GameCard\0pv";N;s:22:"\0GameCard\0localisation";i:1;s:16:"\0GameCard\0indice";i:1;s:14:"\0GameCard\0path";s:32:".\\assets\\img\\gabarit\\sort\\15.png";s:16:"\0GameCard\0active";i:0;s:17:"\0GameCard\0visable";i:1;}i:12;O:8:"GameCard":12:{s:12:"\0GameCard\0id";s:2:"14";s:14:"\0GameCard\0type";s:4:"sort";s:19:"\0GameCard\0puissance";s:1:"5";s:15:"\0GameCard\0pvMax";N;s:14:"\0GameCard\0mana";s:1:"3";s:17:"\0GameCard\0abilite";a:1:{i:0;s:1:"3";}s:12:"\0GameCard\0pv";N;s:22:"\0GameCard\0localisation";i:1;s:16:"\0GameCard\0indice";i:1;s:14:"\0GameCard\0path";s:32:".\\assets\\img\\gabarit\\sort\\14.png";s:16:"\0GameCard\0active";i:0;s:17:"\0GameCard\0visable";i:1;}i:13;O:8:"GameCard":12:{s:12:"\0GameCard\0id";s:2:"22";s:14:"\0GameCard\0type";s:8:"creature";s:19:"\0GameCard\0puissance";s:1:"1";s:15:"\0GameCard\0pvMax";s:1:"3";s:14:"\0GameCard\0mana";s:1:"1";s:17:"\0GameCard\0abilite";a:1:{i:0;s:1:"1";}s:12:"\0GameCard\0pv";s:1:"3";s:22:"\0GameCard\0localisation";i:1;s:16:"\0GameCard\0indice";i:2;s:14:"\0GameCard\0path";s:36:".\\assets\\img\\gabarit\\creature\\22.png";s:16:"\0GameCard\0active";i:0;s:17:"\0GameCard\0visable";i:1;}i:14;O:8:"GameCard":12:{s:12:"\0GameCard\0id";s:2:"17";s:14:"\0GameCard\0type";s:8:"creature";s:19:"\0GameCard\0puissance";s:1:"2";s:15:"\0GameCard\0pvMax";s:1:"3";s:14:"\0GameCard\0mana";s:1:"2";s:17:"\0GameCard\0abilite";a:1:{i:0;i:0;}s:12:"\0GameCard\0pv";s:1:"3";s:22:"\0GameCard\0localisation";i:1;s:16:"\0GameCard\0indice";i:1;s:14:"\0GameCard\0path";s:36:".\\assets\\img\\gabarit\\creature\\17.png";s:16:"\0GameCard\0active";i:0;s:17:"\0GameCard\0visable";i:1;}i:15;O:8:"GameCard":12:{s:12:"\0GameCard\0id";s:2:"16";s:14:"\0GameCard\0type";s:8:"creature";s:19:"\0GameCard\0puissance";s:1:"1";s:15:"\0GameCard\0pvMax";s:1:"1";s:14:"\0GameCard\0mana";s:1:"1";s:17:"\0GameCard\0abilite";a:1:{i:0;i:0;}s:12:"\0GameCard\0pv";s:1:"1";s:22:"\0GameCard\0localisation";i:1;s:16:"\0GameCard\0indice";i:1;s:14:"\0GameCard\0path";s:36:".\\assets\\img\\gabarit\\creature\\16.png";s:16:"\0GameCard\0active";i:0;s:17:"\0GameCard\0visable";i:1;}i:16;O:8:"GameCard":12:{s:12:"\0GameCard\0id";s:2:"20";s:14:"\0GameCard\0type";s:8:"creature";s:19:"\0GameCard\0puissance";s:1:"6";s:15:"\0GameCard\0pvMax";s:1:"5";s:14:"\0GameCard\0mana";s:1:"5";s:17:"\0GameCard\0abilite";a:1:{i:0;s:1:"3";}s:12:"\0GameCard\0pv";s:1:"5";s:22:"\0GameCard\0localisation";i:1;s:16:"\0GameCard\0indice";i:1;s:14:"\0GameCard\0path";s:36:".\\assets\\img\\gabarit\\creature\\20.png";s:16:"\0GameCard\0active";i:0;s:17:"\0GameCard\0visable";i:1;}i:17;O:8:"GameCard":12:{s:12:"\0GameCard\0id";s:2:"24";s:14:"\0GameCard\0type";s:8:"speciale";s:19:"\0GameCard\0puissance";s:1:"9";s:15:"\0GameCard\0pvMax";s:1:"9";s:14:"\0GameCard\0mana";s:1:"9";s:17:"\0GameCard\0abilite";a:1:{i:0;i:0;}s:12:"\0GameCard\0pv";s:1:"9";s:22:"\0GameCard\0localisation";i:1;s:16:"\0GameCard\0indice";i:1;s:14:"\0GameCard\0path";s:36:".\\assets\\img\\gabarit\\speciale\\24.png";s:16:"\0GameCard\0active";i:0;s:17:"\0GameCard\0visable";i:1;}i:18;O:8:"GameCard":12:{s:12:"\0GameCard\0id";s:2:"18";s:14:"\0GameCard\0type";s:8:"creature";s:19:"\0GameCard\0puissance";s:1:"4";s:15:"\0GameCard\0pvMax";s:1:"3";s:14:"\0GameCard\0mana";s:1:"3";s:17:"\0GameCard\0abilite";a:1:{i:0;s:1:"2";}s:12:"\0GameCard\0pv";s:1:"3";s:22:"\0GameCard\0localisation";i:1;s:16:"\0GameCard\0indice";i:2;s:14:"\0GameCard\0path";s:36:".\\assets\\img\\gabarit\\creature\\18.png";s:16:"\0GameCard\0active";i:0;s:17:"\0GameCard\0visable";i:1;}i:19;O:8:"GameCard":12:{s:12:"\0GameCard\0id";s:2:"17";s:14:"\0GameCard\0type";s:8:"creature";s:19:"\0GameCard\0puissance";s:1:"2";s:15:"\0GameCard\0pvMax";s:1:"3";s:14:"\0GameCard\0mana";s:1:"2";s:17:"\0GameCard\0abilite";a:1:{i:0;i:0;}s:12:"\0GameCard\0pv";s:1:"3";s:22:"\0GameCard\0localisation";i:1;s:16:"\0GameCard\0indice";i:2;s:14:"\0GameCard\0path";s:36:".\\assets\\img\\gabarit\\creature\\17.png";s:16:"\0GameCard\0active";i:0;s:17:"\0GameCard\0visable";i:1;}}s:15:"\0GameDeck\0heros";s:1:"2";}s:12:"\0Joueur\0main";a:0:{}s:14:"\0Joueur\0pioche";a:20:{i:0;r:1580;i:1;r:1594;i:2;r:1608;i:3;r:1622;i:4;r:1636;i:5;r:1650;i:6;r:1664;i:7;r:1678;i:8;r:1692;i:9;r:1706;i:10;r:1720;i:11;r:1734;i:12;r:1748;i:13;r:1762;i:14;r:1776;i:15;r:1790;i:16;r:1804;i:17;r:1818;i:18;r:1832;i:19;r:1846;}s:15:"\0Joueur\0plateau";a:0:{}s:16:"\0Joueur\0defausse";a:0:{}s:10:"\0Joueur\0pv";i:20;s:12:"\0Joueur\0mana";i:0;s:15:"\0Joueur\0visable";i:1;}}s:20:"\0GameController\0tour";i:1;s:19:"\0GameController\0EoG";b:0;s:21:"\0GameController\0jeton";i:0;s:28:"\0GameController\0piocheEtMana";i:1;s:13:"\0*\0parameters";a:4:{s:10:"controller";s:4:"game";s:6:"action";s:4:"wait";s:2:"id";s:1:"3";s:5:"jeton";i:0;}s:7:"\0*\0data";a:0:{}s:10:"\0*\0session";a:1:{s:4:"u_id";s:1:"7";}}', 7, 8, 0);
INSERT INTO `game` (`g_id`, `g_data`, `g_player1`, `g_player2`, `g_running`) VALUES
(3, 'O:14:"GameController":9:{s:18:"\0GameController\0id";s:1:"3";s:23:"\0GameController\0players";a:6:{i:0;O:6:"Joueur":9:{s:10:"\0Joueur\0id";s:1:"7";s:12:"\0Joueur\0deck";O:8:"GameDeck":3:{s:12:"\0GameDeck\0id";s:1:"3";s:16:"\0GameDeck\0cartes";a:20:{i:0;O:8:"GameCard":12:{s:12:"\0GameCard\0id";s:1:"3";s:14:"\0GameCard\0type";s:4:"sort";s:19:"\0GameCard\0puissance";s:1:"6";s:15:"\0GameCard\0pvMax";N;s:14:"\0GameCard\0mana";s:1:"5";s:17:"\0GameCard\0abilite";a:1:{i:0;i:0;}s:12:"\0GameCard\0pv";N;s:22:"\0GameCard\0localisation";i:2;s:16:"\0GameCard\0indice";i:1;s:14:"\0GameCard\0path";s:31:".\\assets\\img\\gabarit\\sort\\3.png";s:16:"\0GameCard\0active";i:0;s:17:"\0GameCard\0visable";i:1;}i:1;O:8:"GameCard":12:{s:12:"\0GameCard\0id";s:1:"5";s:14:"\0GameCard\0type";s:8:"creature";s:19:"\0GameCard\0puissance";s:1:"2";s:15:"\0GameCard\0pvMax";s:1:"3";s:14:"\0GameCard\0mana";s:1:"2";s:17:"\0GameCard\0abilite";a:1:{i:0;i:0;}s:12:"\0GameCard\0pv";s:1:"3";s:22:"\0GameCard\0localisation";i:2;s:16:"\0GameCard\0indice";i:2;s:14:"\0GameCard\0path";s:35:".\\assets\\img\\gabarit\\creature\\5.png";s:16:"\0GameCard\0active";i:0;s:17:"\0GameCard\0visable";i:1;}i:2;O:8:"GameCard":12:{s:12:"\0GameCard\0id";s:1:"6";s:14:"\0GameCard\0type";s:8:"creature";s:19:"\0GameCard\0puissance";s:1:"5";s:15:"\0GameCard\0pvMax";s:1:"3";s:14:"\0GameCard\0mana";s:1:"3";s:17:"\0GameCard\0abilite";a:1:{i:0;i:0;}s:12:"\0GameCard\0pv";s:1:"3";s:22:"\0GameCard\0localisation";i:2;s:16:"\0GameCard\0indice";i:2;s:14:"\0GameCard\0path";s:35:".\\assets\\img\\gabarit\\creature\\6.png";s:16:"\0GameCard\0active";i:0;s:17:"\0GameCard\0visable";i:1;}i:3;O:8:"GameCard":12:{s:12:"\0GameCard\0id";s:1:"1";s:14:"\0GameCard\0type";s:4:"sort";s:19:"\0GameCard\0puissance";s:1:"1";s:15:"\0GameCard\0pvMax";N;s:14:"\0GameCard\0mana";s:1:"1";s:17:"\0GameCard\0abilite";a:1:{i:0;i:0;}s:12:"\0GameCard\0pv";N;s:22:"\0GameCard\0localisation";i:1;s:16:"\0GameCard\0indice";i:1;s:14:"\0GameCard\0path";s:31:".\\assets\\img\\gabarit\\sort\\1.png";s:16:"\0GameCard\0active";i:0;s:17:"\0GameCard\0visable";i:1;}i:4;O:8:"GameCard":12:{s:12:"\0GameCard\0id";s:1:"8";s:14:"\0GameCard\0type";s:8:"creature";s:19:"\0GameCard\0puissance";s:1:"7";s:15:"\0GameCard\0pvMax";s:1:"5";s:14:"\0GameCard\0mana";s:1:"5";s:17:"\0GameCard\0abilite";a:1:{i:0;s:1:"2";}s:12:"\0GameCard\0pv";s:1:"5";s:22:"\0GameCard\0localisation";i:1;s:16:"\0GameCard\0indice";i:1;s:14:"\0GameCard\0path";s:35:".\\assets\\img\\gabarit\\creature\\8.png";s:16:"\0GameCard\0active";i:0;s:17:"\0GameCard\0visable";i:1;}i:5;O:8:"GameCard":12:{s:12:"\0GameCard\0id";s:2:"10";s:14:"\0GameCard\0type";s:8:"creature";s:19:"\0GameCard\0puissance";s:1:"1";s:15:"\0GameCard\0pvMax";s:1:"3";s:14:"\0GameCard\0mana";s:1:"1";s:17:"\0GameCard\0abilite";a:1:{i:0;s:1:"1";}s:12:"\0GameCard\0pv";s:1:"3";s:22:"\0GameCard\0localisation";i:1;s:16:"\0GameCard\0indice";i:2;s:14:"\0GameCard\0path";s:36:".\\assets\\img\\gabarit\\creature\\10.png";s:16:"\0GameCard\0active";i:0;s:17:"\0GameCard\0visable";i:1;}i:6;O:8:"GameCard":12:{s:12:"\0GameCard\0id";s:1:"2";s:14:"\0GameCard\0type";s:4:"sort";s:19:"\0GameCard\0puissance";s:1:"4";s:15:"\0GameCard\0pvMax";N;s:14:"\0GameCard\0mana";s:1:"3";s:17:"\0GameCard\0abilite";a:1:{i:0;s:1:"3";}s:12:"\0GameCard\0pv";N;s:22:"\0GameCard\0localisation";i:1;s:16:"\0GameCard\0indice";i:1;s:14:"\0GameCard\0path";s:31:".\\assets\\img\\gabarit\\sort\\2.png";s:16:"\0GameCard\0active";i:0;s:17:"\0GameCard\0visable";i:1;}i:7;O:8:"GameCard":12:{s:12:"\0GameCard\0id";s:2:"11";s:14:"\0GameCard\0type";s:8:"creature";s:19:"\0GameCard\0puissance";s:1:"3";s:15:"\0GameCard\0pvMax";s:1:"6";s:14:"\0GameCard\0mana";s:1:"3";s:17:"\0GameCard\0abilite";a:2:{i:0;s:1:"1";i:1;s:1:"3";}s:12:"\0GameCard\0pv";s:1:"6";s:22:"\0GameCard\0localisation";i:1;s:16:"\0GameCard\0indice";i:2;s:14:"\0GameCard\0path";s:36:".\\assets\\img\\gabarit\\creature\\11.png";s:16:"\0GameCard\0active";i:0;s:17:"\0GameCard\0visable";i:1;}i:8;O:8:"GameCard":12:{s:12:"\0GameCard\0id";s:1:"7";s:14:"\0GameCard\0type";s:8:"creature";s:19:"\0GameCard\0puissance";s:1:"2";s:15:"\0GameCard\0pvMax";s:1:"4";s:14:"\0GameCard\0mana";s:1:"4";s:17:"\0GameCard\0abilite";a:1:{i:0;i:0;}s:12:"\0GameCard\0pv";s:1:"4";s:22:"\0GameCard\0localisation";i:1;s:16:"\0GameCard\0indice";i:1;s:14:"\0GameCard\0path";s:35:".\\assets\\img\\gabarit\\creature\\7.png";s:16:"\0GameCard\0active";i:0;s:17:"\0GameCard\0visable";i:1;}i:9;O:8:"GameCard":12:{s:12:"\0GameCard\0id";s:2:"11";s:14:"\0GameCard\0type";s:8:"creature";s:19:"\0GameCard\0puissance";s:1:"3";s:15:"\0GameCard\0pvMax";s:1:"6";s:14:"\0GameCard\0mana";s:1:"3";s:17:"\0GameCard\0abilite";a:2:{i:0;s:1:"1";i:1;s:1:"3";}s:12:"\0GameCard\0pv";s:1:"6";s:22:"\0GameCard\0localisation";i:1;s:16:"\0GameCard\0indice";i:1;s:14:"\0GameCard\0path";s:36:".\\assets\\img\\gabarit\\creature\\11.png";s:16:"\0GameCard\0active";i:0;s:17:"\0GameCard\0visable";i:1;}i:10;O:8:"GameCard":12:{s:12:"\0GameCard\0id";s:1:"9";s:14:"\0GameCard\0type";s:8:"creature";s:19:"\0GameCard\0puissance";s:1:"8";s:15:"\0GameCard\0pvMax";s:1:"6";s:14:"\0GameCard\0mana";s:1:"7";s:17:"\0GameCard\0abilite";a:1:{i:0;i:0;}s:12:"\0GameCard\0pv";s:1:"6";s:22:"\0GameCard\0localisation";i:1;s:16:"\0GameCard\0indice";i:2;s:14:"\0GameCard\0path";s:35:".\\assets\\img\\gabarit\\creature\\9.png";s:16:"\0GameCard\0active";i:0;s:17:"\0GameCard\0visable";i:1;}i:11;O:8:"GameCard":12:{s:12:"\0GameCard\0id";s:1:"6";s:14:"\0GameCard\0type";s:8:"creature";s:19:"\0GameCard\0puissance";s:1:"5";s:15:"\0GameCard\0pvMax";s:1:"3";s:14:"\0GameCard\0mana";s:1:"3";s:17:"\0GameCard\0abilite";a:1:{i:0;i:0;}s:12:"\0GameCard\0pv";s:1:"3";s:22:"\0GameCard\0localisation";i:1;s:16:"\0GameCard\0indice";i:1;s:14:"\0GameCard\0path";s:35:".\\assets\\img\\gabarit\\creature\\6.png";s:16:"\0GameCard\0active";i:0;s:17:"\0GameCard\0visable";i:1;}i:12;O:8:"GameCard":12:{s:12:"\0GameCard\0id";s:2:"10";s:14:"\0GameCard\0type";s:8:"creature";s:19:"\0GameCard\0puissance";s:1:"1";s:15:"\0GameCard\0pvMax";s:1:"3";s:14:"\0GameCard\0mana";s:1:"1";s:17:"\0GameCard\0abilite";a:1:{i:0;s:1:"1";}s:12:"\0GameCard\0pv";s:1:"3";s:22:"\0GameCard\0localisation";i:1;s:16:"\0GameCard\0indice";i:1;s:14:"\0GameCard\0path";s:36:".\\assets\\img\\gabarit\\creature\\10.png";s:16:"\0GameCard\0active";i:0;s:17:"\0GameCard\0visable";i:1;}i:13;O:8:"GameCard":12:{s:12:"\0GameCard\0id";s:1:"8";s:14:"\0GameCard\0type";s:8:"creature";s:19:"\0GameCard\0puissance";s:1:"7";s:15:"\0GameCard\0pvMax";s:1:"5";s:14:"\0GameCard\0mana";s:1:"5";s:17:"\0GameCard\0abilite";a:1:{i:0;s:1:"2";}s:12:"\0GameCard\0pv";s:1:"5";s:22:"\0GameCard\0localisation";i:1;s:16:"\0GameCard\0indice";i:2;s:14:"\0GameCard\0path";s:35:".\\assets\\img\\gabarit\\creature\\8.png";s:16:"\0GameCard\0active";i:0;s:17:"\0GameCard\0visable";i:1;}i:14;O:8:"GameCard":12:{s:12:"\0GameCard\0id";s:1:"9";s:14:"\0GameCard\0type";s:8:"creature";s:19:"\0GameCard\0puissance";s:1:"8";s:15:"\0GameCard\0pvMax";s:1:"6";s:14:"\0GameCard\0mana";s:1:"7";s:17:"\0GameCard\0abilite";a:1:{i:0;i:0;}s:12:"\0GameCard\0pv";s:1:"6";s:22:"\0GameCard\0localisation";i:1;s:16:"\0GameCard\0indice";i:1;s:14:"\0GameCard\0path";s:35:".\\assets\\img\\gabarit\\creature\\9.png";s:16:"\0GameCard\0active";i:0;s:17:"\0GameCard\0visable";i:1;}i:15;O:8:"GameCard":12:{s:12:"\0GameCard\0id";s:1:"4";s:14:"\0GameCard\0type";s:8:"creature";s:19:"\0GameCard\0puissance";s:1:"2";s:15:"\0GameCard\0pvMax";s:1:"1";s:14:"\0GameCard\0mana";s:1:"1";s:17:"\0GameCard\0abilite";a:1:{i:0;i:0;}s:12:"\0GameCard\0pv";s:1:"1";s:22:"\0GameCard\0localisation";i:1;s:16:"\0GameCard\0indice";i:1;s:14:"\0GameCard\0path";s:35:".\\assets\\img\\gabarit\\creature\\4.png";s:16:"\0GameCard\0active";i:0;s:17:"\0GameCard\0visable";i:1;}i:16;O:8:"GameCard":12:{s:12:"\0GameCard\0id";s:2:"12";s:14:"\0GameCard\0type";s:8:"speciale";s:19:"\0GameCard\0puissance";s:1:"9";s:15:"\0GameCard\0pvMax";s:1:"9";s:14:"\0GameCard\0mana";s:1:"9";s:17:"\0GameCard\0abilite";a:1:{i:0;i:0;}s:12:"\0GameCard\0pv";s:1:"9";s:22:"\0GameCard\0localisation";i:1;s:16:"\0GameCard\0indice";i:1;s:14:"\0GameCard\0path";s:36:".\\assets\\img\\gabarit\\speciale\\12.png";s:16:"\0GameCard\0active";i:0;s:17:"\0GameCard\0visable";i:1;}i:17;O:8:"GameCard":12:{s:12:"\0GameCard\0id";s:1:"7";s:14:"\0GameCard\0type";s:8:"creature";s:19:"\0GameCard\0puissance";s:1:"2";s:15:"\0GameCard\0pvMax";s:1:"4";s:14:"\0GameCard\0mana";s:1:"4";s:17:"\0GameCard\0abilite";a:1:{i:0;i:0;}s:12:"\0GameCard\0pv";s:1:"4";s:22:"\0GameCard\0localisation";i:1;s:16:"\0GameCard\0indice";i:2;s:14:"\0GameCard\0path";s:35:".\\assets\\img\\gabarit\\creature\\7.png";s:16:"\0GameCard\0active";i:0;s:17:"\0GameCard\0visable";i:1;}i:18;O:8:"GameCard":12:{s:12:"\0GameCard\0id";s:1:"5";s:14:"\0GameCard\0type";s:8:"creature";s:19:"\0GameCard\0puissance";s:1:"2";s:15:"\0GameCard\0pvMax";s:1:"3";s:14:"\0GameCard\0mana";s:1:"2";s:17:"\0GameCard\0abilite";a:1:{i:0;i:0;}s:12:"\0GameCard\0pv";s:1:"3";s:22:"\0GameCard\0localisation";i:1;s:16:"\0GameCard\0indice";i:1;s:14:"\0GameCard\0path";s:35:".\\assets\\img\\gabarit\\creature\\5.png";s:16:"\0GameCard\0active";i:0;s:17:"\0GameCard\0visable";i:1;}i:19;O:8:"GameCard":12:{s:12:"\0GameCard\0id";s:1:"4";s:14:"\0GameCard\0type";s:8:"creature";s:19:"\0GameCard\0puissance";s:1:"2";s:15:"\0GameCard\0pvMax";s:1:"1";s:14:"\0GameCard\0mana";s:1:"1";s:17:"\0GameCard\0abilite";a:1:{i:0;i:0;}s:12:"\0GameCard\0pv";s:1:"1";s:22:"\0GameCard\0localisation";i:1;s:16:"\0GameCard\0indice";i:2;s:14:"\0GameCard\0path";s:35:".\\assets\\img\\gabarit\\creature\\4.png";s:16:"\0GameCard\0active";i:0;s:17:"\0GameCard\0visable";i:1;}}s:15:"\0GameDeck\0heros";s:1:"1";}s:12:"\0Joueur\0main";a:3:{i:31;r:9;i:52;r:23;i:62;r:37;}s:14:"\0Joueur\0pioche";a:17:{i:0;r:51;i:1;r:65;i:2;r:79;i:3;r:93;i:4;r:107;i:5;r:122;i:6;r:136;i:7;r:151;i:8;r:165;i:9;r:179;i:10;r:193;i:11;r:207;i:12;r:221;i:13;r:235;i:14;r:249;i:15;r:263;i:16;r:277;}s:15:"\0Joueur\0plateau";a:0:{}s:16:"\0Joueur\0defausse";a:0:{}s:10:"\0Joueur\0pv";i:20;s:12:"\0Joueur\0mana";i:1;s:15:"\0Joueur\0visable";i:1;}i:1;O:6:"Joueur":9:{s:10:"\0Joueur\0id";s:1:"8";s:12:"\0Joueur\0deck";O:8:"GameDeck":3:{s:12:"\0GameDeck\0id";s:1:"4";s:16:"\0GameDeck\0cartes";a:20:{i:0;O:8:"GameCard":12:{s:12:"\0GameCard\0id";s:2:"15";s:14:"\0GameCard\0type";s:4:"sort";s:19:"\0GameCard\0puissance";s:1:"7";s:15:"\0GameCard\0pvMax";N;s:14:"\0GameCard\0mana";s:1:"5";s:17:"\0GameCard\0abilite";a:1:{i:0;i:0;}s:12:"\0GameCard\0pv";N;s:22:"\0GameCard\0localisation";i:1;s:16:"\0GameCard\0indice";i:1;s:14:"\0GameCard\0path";s:32:".\\assets\\img\\gabarit\\sort\\15.png";s:16:"\0GameCard\0active";i:0;s:17:"\0GameCard\0visable";i:1;}i:1;O:8:"GameCard":12:{s:12:"\0GameCard\0id";s:2:"24";s:14:"\0GameCard\0type";s:8:"speciale";s:19:"\0GameCard\0puissance";s:1:"9";s:15:"\0GameCard\0pvMax";s:1:"9";s:14:"\0GameCard\0mana";s:1:"9";s:17:"\0GameCard\0abilite";a:1:{i:0;i:0;}s:12:"\0GameCard\0pv";s:1:"9";s:22:"\0GameCard\0localisation";i:1;s:16:"\0GameCard\0indice";i:1;s:14:"\0GameCard\0path";s:36:".\\assets\\img\\gabarit\\speciale\\24.png";s:16:"\0GameCard\0active";i:0;s:17:"\0GameCard\0visable";i:1;}i:2;O:8:"GameCard":12:{s:12:"\0GameCard\0id";s:2:"18";s:14:"\0GameCard\0type";s:8:"creature";s:19:"\0GameCard\0puissance";s:1:"4";s:15:"\0GameCard\0pvMax";s:1:"3";s:14:"\0GameCard\0mana";s:1:"3";s:17:"\0GameCard\0abilite";a:1:{i:0;s:1:"2";}s:12:"\0GameCard\0pv";s:1:"3";s:22:"\0GameCard\0localisation";i:1;s:16:"\0GameCard\0indice";i:2;s:14:"\0GameCard\0path";s:36:".\\assets\\img\\gabarit\\creature\\18.png";s:16:"\0GameCard\0active";i:0;s:17:"\0GameCard\0visable";i:1;}i:3;O:8:"GameCard":12:{s:12:"\0GameCard\0id";s:2:"16";s:14:"\0GameCard\0type";s:8:"creature";s:19:"\0GameCard\0puissance";s:1:"1";s:15:"\0GameCard\0pvMax";s:1:"1";s:14:"\0GameCard\0mana";s:1:"1";s:17:"\0GameCard\0abilite";a:1:{i:0;i:0;}s:12:"\0GameCard\0pv";s:1:"1";s:22:"\0GameCard\0localisation";i:1;s:16:"\0GameCard\0indice";i:1;s:14:"\0GameCard\0path";s:36:".\\assets\\img\\gabarit\\creature\\16.png";s:16:"\0GameCard\0active";i:0;s:17:"\0GameCard\0visable";i:1;}i:4;O:8:"GameCard":12:{s:12:"\0GameCard\0id";s:2:"21";s:14:"\0GameCard\0type";s:8:"creature";s:19:"\0GameCard\0puissance";s:1:"8";s:15:"\0GameCard\0pvMax";s:1:"6";s:14:"\0GameCard\0mana";s:1:"7";s:17:"\0GameCard\0abilite";a:1:{i:0;i:0;}s:12:"\0GameCard\0pv";s:1:"6";s:22:"\0GameCard\0localisation";i:1;s:16:"\0GameCard\0indice";i:2;s:14:"\0GameCard\0path";s:36:".\\assets\\img\\gabarit\\creature\\21.png";s:16:"\0GameCard\0active";i:0;s:17:"\0GameCard\0visable";i:1;}i:5;O:8:"GameCard":12:{s:12:"\0GameCard\0id";s:2:"17";s:14:"\0GameCard\0type";s:8:"creature";s:19:"\0GameCard\0puissance";s:1:"2";s:15:"\0GameCard\0pvMax";s:1:"3";s:14:"\0GameCard\0mana";s:1:"2";s:17:"\0GameCard\0abilite";a:1:{i:0;i:0;}s:12:"\0GameCard\0pv";s:1:"3";s:22:"\0GameCard\0localisation";i:1;s:16:"\0GameCard\0indice";i:1;s:14:"\0GameCard\0path";s:36:".\\assets\\img\\gabarit\\creature\\17.png";s:16:"\0GameCard\0active";i:0;s:17:"\0GameCard\0visable";i:1;}i:6;O:8:"GameCard":12:{s:12:"\0GameCard\0id";s:2:"19";s:14:"\0GameCard\0type";s:8:"creature";s:19:"\0GameCard\0puissance";s:1:"2";s:15:"\0GameCard\0pvMax";s:1:"4";s:14:"\0GameCard\0mana";s:1:"4";s:17:"\0GameCard\0abilite";a:1:{i:0;i:0;}s:12:"\0GameCard\0pv";s:1:"4";s:22:"\0GameCard\0localisation";i:1;s:16:"\0GameCard\0indice";i:2;s:14:"\0GameCard\0path";s:36:".\\assets\\img\\gabarit\\creature\\19.png";s:16:"\0GameCard\0active";i:0;s:17:"\0GameCard\0visable";i:1;}i:7;O:8:"GameCard":12:{s:12:"\0GameCard\0id";s:2:"21";s:14:"\0GameCard\0type";s:8:"creature";s:19:"\0GameCard\0puissance";s:1:"8";s:15:"\0GameCard\0pvMax";s:1:"6";s:14:"\0GameCard\0mana";s:1:"7";s:17:"\0GameCard\0abilite";a:1:{i:0;i:0;}s:12:"\0GameCard\0pv";s:1:"6";s:22:"\0GameCard\0localisation";i:1;s:16:"\0GameCard\0indice";i:1;s:14:"\0GameCard\0path";s:36:".\\assets\\img\\gabarit\\creature\\21.png";s:16:"\0GameCard\0active";i:0;s:17:"\0GameCard\0visable";i:1;}i:8;O:8:"GameCard":12:{s:12:"\0GameCard\0id";s:2:"14";s:14:"\0GameCard\0type";s:4:"sort";s:19:"\0GameCard\0puissance";s:1:"5";s:15:"\0GameCard\0pvMax";N;s:14:"\0GameCard\0mana";s:1:"3";s:17:"\0GameCard\0abilite";a:1:{i:0;s:1:"3";}s:12:"\0GameCard\0pv";N;s:22:"\0GameCard\0localisation";i:1;s:16:"\0GameCard\0indice";i:1;s:14:"\0GameCard\0path";s:32:".\\assets\\img\\gabarit\\sort\\14.png";s:16:"\0GameCard\0active";i:0;s:17:"\0GameCard\0visable";i:1;}i:9;O:8:"GameCard":12:{s:12:"\0GameCard\0id";s:2:"18";s:14:"\0GameCard\0type";s:8:"creature";s:19:"\0GameCard\0puissance";s:1:"4";s:15:"\0GameCard\0pvMax";s:1:"3";s:14:"\0GameCard\0mana";s:1:"3";s:17:"\0GameCard\0abilite";a:1:{i:0;s:1:"2";}s:12:"\0GameCard\0pv";s:1:"3";s:22:"\0GameCard\0localisation";i:1;s:16:"\0GameCard\0indice";i:1;s:14:"\0GameCard\0path";s:36:".\\assets\\img\\gabarit\\creature\\18.png";s:16:"\0GameCard\0active";i:0;s:17:"\0GameCard\0visable";i:1;}i:10;O:8:"GameCard":12:{s:12:"\0GameCard\0id";s:2:"23";s:14:"\0GameCard\0type";s:8:"creature";s:19:"\0GameCard\0puissance";s:1:"3";s:15:"\0GameCard\0pvMax";s:1:"6";s:14:"\0GameCard\0mana";s:1:"3";s:17:"\0GameCard\0abilite";a:1:{i:0;s:1:"1";}s:12:"\0GameCard\0pv";s:1:"6";s:22:"\0GameCard\0localisation";i:1;s:16:"\0GameCard\0indice";i:2;s:14:"\0GameCard\0path";s:36:".\\assets\\img\\gabarit\\creature\\23.png";s:16:"\0GameCard\0active";i:0;s:17:"\0GameCard\0visable";i:1;}i:11;O:8:"GameCard":12:{s:12:"\0GameCard\0id";s:2:"20";s:14:"\0GameCard\0type";s:8:"creature";s:19:"\0GameCard\0puissance";s:1:"6";s:15:"\0GameCard\0pvMax";s:1:"5";s:14:"\0GameCard\0mana";s:1:"5";s:17:"\0GameCard\0abilite";a:1:{i:0;s:1:"3";}s:12:"\0GameCard\0pv";s:1:"5";s:22:"\0GameCard\0localisation";i:1;s:16:"\0GameCard\0indice";i:1;s:14:"\0GameCard\0path";s:36:".\\assets\\img\\gabarit\\creature\\20.png";s:16:"\0GameCard\0active";i:0;s:17:"\0GameCard\0visable";i:1;}i:12;O:8:"GameCard":12:{s:12:"\0GameCard\0id";s:2:"19";s:14:"\0GameCard\0type";s:8:"creature";s:19:"\0GameCard\0puissance";s:1:"2";s:15:"\0GameCard\0pvMax";s:1:"4";s:14:"\0GameCard\0mana";s:1:"4";s:17:"\0GameCard\0abilite";a:1:{i:0;i:0;}s:12:"\0GameCard\0pv";s:1:"4";s:22:"\0GameCard\0localisation";i:1;s:16:"\0GameCard\0indice";i:1;s:14:"\0GameCard\0path";s:36:".\\assets\\img\\gabarit\\creature\\19.png";s:16:"\0GameCard\0active";i:0;s:17:"\0GameCard\0visable";i:1;}i:13;O:8:"GameCard":12:{s:12:"\0GameCard\0id";s:2:"20";s:14:"\0GameCard\0type";s:8:"creature";s:19:"\0GameCard\0puissance";s:1:"6";s:15:"\0GameCard\0pvMax";s:1:"5";s:14:"\0GameCard\0mana";s:1:"5";s:17:"\0GameCard\0abilite";a:1:{i:0;s:1:"3";}s:12:"\0GameCard\0pv";s:1:"5";s:22:"\0GameCard\0localisation";i:1;s:16:"\0GameCard\0indice";i:2;s:14:"\0GameCard\0path";s:36:".\\assets\\img\\gabarit\\creature\\20.png";s:16:"\0GameCard\0active";i:0;s:17:"\0GameCard\0visable";i:1;}i:14;O:8:"GameCard":12:{s:12:"\0GameCard\0id";s:2:"22";s:14:"\0GameCard\0type";s:8:"creature";s:19:"\0GameCard\0puissance";s:1:"1";s:15:"\0GameCard\0pvMax";s:1:"3";s:14:"\0GameCard\0mana";s:1:"1";s:17:"\0GameCard\0abilite";a:1:{i:0;s:1:"1";}s:12:"\0GameCard\0pv";s:1:"3";s:22:"\0GameCard\0localisation";i:1;s:16:"\0GameCard\0indice";i:2;s:14:"\0GameCard\0path";s:36:".\\assets\\img\\gabarit\\creature\\22.png";s:16:"\0GameCard\0active";i:0;s:17:"\0GameCard\0visable";i:1;}i:15;O:8:"GameCard":12:{s:12:"\0GameCard\0id";s:2:"22";s:14:"\0GameCard\0type";s:8:"creature";s:19:"\0GameCard\0puissance";s:1:"1";s:15:"\0GameCard\0pvMax";s:1:"3";s:14:"\0GameCard\0mana";s:1:"1";s:17:"\0GameCard\0abilite";a:1:{i:0;s:1:"1";}s:12:"\0GameCard\0pv";s:1:"3";s:22:"\0GameCard\0localisation";i:1;s:16:"\0GameCard\0indice";i:1;s:14:"\0GameCard\0path";s:36:".\\assets\\img\\gabarit\\creature\\22.png";s:16:"\0GameCard\0active";i:0;s:17:"\0GameCard\0visable";i:1;}i:16;O:8:"GameCard":12:{s:12:"\0GameCard\0id";s:2:"16";s:14:"\0GameCard\0type";s:8:"creature";s:19:"\0GameCard\0puissance";s:1:"1";s:15:"\0GameCard\0pvMax";s:1:"1";s:14:"\0GameCard\0mana";s:1:"1";s:17:"\0GameCard\0abilite";a:1:{i:0;i:0;}s:12:"\0GameCard\0pv";s:1:"1";s:22:"\0GameCard\0localisation";i:1;s:16:"\0GameCard\0indice";i:2;s:14:"\0GameCard\0path";s:36:".\\assets\\img\\gabarit\\creature\\16.png";s:16:"\0GameCard\0active";i:0;s:17:"\0GameCard\0visable";i:1;}i:17;O:8:"GameCard":12:{s:12:"\0GameCard\0id";s:2:"23";s:14:"\0GameCard\0type";s:8:"creature";s:19:"\0GameCard\0puissance";s:1:"3";s:15:"\0GameCard\0pvMax";s:1:"6";s:14:"\0GameCard\0mana";s:1:"3";s:17:"\0GameCard\0abilite";a:1:{i:0;s:1:"1";}s:12:"\0GameCard\0pv";s:1:"6";s:22:"\0GameCard\0localisation";i:1;s:16:"\0GameCard\0indice";i:1;s:14:"\0GameCard\0path";s:36:".\\assets\\img\\gabarit\\creature\\23.png";s:16:"\0GameCard\0active";i:0;s:17:"\0GameCard\0visable";i:1;}i:18;O:8:"GameCard":12:{s:12:"\0GameCard\0id";s:2:"13";s:14:"\0GameCard\0type";s:4:"sort";s:19:"\0GameCard\0puissance";s:1:"2";s:15:"\0GameCard\0pvMax";N;s:14:"\0GameCard\0mana";s:1:"1";s:17:"\0GameCard\0abilite";a:1:{i:0;i:0;}s:12:"\0GameCard\0pv";N;s:22:"\0GameCard\0localisation";i:1;s:16:"\0GameCard\0indice";i:1;s:14:"\0GameCard\0path";s:32:".\\assets\\img\\gabarit\\sort\\13.png";s:16:"\0GameCard\0active";i:0;s:17:"\0GameCard\0visable";i:1;}i:19;O:8:"GameCard":12:{s:12:"\0GameCard\0id";s:2:"17";s:14:"\0GameCard\0type";s:8:"creature";s:19:"\0GameCard\0puissance";s:1:"2";s:15:"\0GameCard\0pvMax";s:1:"3";s:14:"\0GameCard\0mana";s:1:"2";s:17:"\0GameCard\0abilite";a:1:{i:0;i:0;}s:12:"\0GameCard\0pv";s:1:"3";s:22:"\0GameCard\0localisation";i:1;s:16:"\0GameCard\0indice";i:2;s:14:"\0GameCard\0path";s:36:".\\assets\\img\\gabarit\\creature\\17.png";s:16:"\0GameCard\0active";i:0;s:17:"\0GameCard\0visable";i:1;}}s:15:"\0GameDeck\0heros";s:1:"2";}s:12:"\0Joueur\0main";a:0:{}s:14:"\0Joueur\0pioche";a:20:{i:0;r:324;i:1;r:338;i:2;r:352;i:3;r:366;i:4;r:380;i:5;r:394;i:6;r:408;i:7;r:422;i:8;r:436;i:9;r:450;i:10;r:464;i:11;r:478;i:12;r:492;i:13;r:506;i:14;r:520;i:15;r:534;i:16;r:548;i:17;r:562;i:18;r:576;i:19;r:590;}s:15:"\0Joueur\0plateau";a:0:{}s:16:"\0Joueur\0defausse";a:0:{}s:10:"\0Joueur\0pv";i:20;s:12:"\0Joueur\0mana";i:0;s:15:"\0Joueur\0visable";i:1;}i:2;O:6:"Joueur":9:{s:10:"\0Joueur\0id";s:1:"7";s:12:"\0Joueur\0deck";O:8:"GameDeck":3:{s:12:"\0GameDeck\0id";s:1:"3";s:16:"\0GameDeck\0cartes";a:20:{i:0;O:8:"GameCard":12:{s:12:"\0GameCard\0id";s:1:"3";s:14:"\0GameCard\0type";s:4:"sort";s:19:"\0GameCard\0puissance";s:1:"6";s:15:"\0GameCard\0pvMax";N;s:14:"\0GameCard\0mana";s:1:"5";s:17:"\0GameCard\0abilite";a:1:{i:0;i:0;}s:12:"\0GameCard\0pv";N;s:22:"\0GameCard\0localisation";i:1;s:16:"\0GameCard\0indice";i:1;s:14:"\0GameCard\0path";s:31:".\\assets\\img\\gabarit\\sort\\3.png";s:16:"\0GameCard\0active";i:0;s:17:"\0GameCard\0visable";i:1;}i:1;O:8:"GameCard":12:{s:12:"\0GameCard\0id";s:1:"5";s:14:"\0GameCard\0type";s:8:"creature";s:19:"\0GameCard\0puissance";s:1:"2";s:15:"\0GameCard\0pvMax";s:1:"3";s:14:"\0GameCard\0mana";s:1:"2";s:17:"\0GameCard\0abilite";a:1:{i:0;i:0;}s:12:"\0GameCard\0pv";s:1:"3";s:22:"\0GameCard\0localisation";i:1;s:16:"\0GameCard\0indice";i:2;s:14:"\0GameCard\0path";s:35:".\\assets\\img\\gabarit\\creature\\5.png";s:16:"\0GameCard\0active";i:0;s:17:"\0GameCard\0visable";i:1;}i:2;O:8:"GameCard":12:{s:12:"\0GameCard\0id";s:1:"6";s:14:"\0GameCard\0type";s:8:"creature";s:19:"\0GameCard\0puissance";s:1:"5";s:15:"\0GameCard\0pvMax";s:1:"3";s:14:"\0GameCard\0mana";s:1:"3";s:17:"\0GameCard\0abilite";a:1:{i:0;i:0;}s:12:"\0GameCard\0pv";s:1:"3";s:22:"\0GameCard\0localisation";i:1;s:16:"\0GameCard\0indice";i:2;s:14:"\0GameCard\0path";s:35:".\\assets\\img\\gabarit\\creature\\6.png";s:16:"\0GameCard\0active";i:0;s:17:"\0GameCard\0visable";i:1;}i:3;O:8:"GameCard":12:{s:12:"\0GameCard\0id";s:1:"1";s:14:"\0GameCard\0type";s:4:"sort";s:19:"\0GameCard\0puissance";s:1:"1";s:15:"\0GameCard\0pvMax";N;s:14:"\0GameCard\0mana";s:1:"1";s:17:"\0GameCard\0abilite";a:1:{i:0;i:0;}s:12:"\0GameCard\0pv";N;s:22:"\0GameCard\0localisation";i:1;s:16:"\0GameCard\0indice";i:1;s:14:"\0GameCard\0path";s:31:".\\assets\\img\\gabarit\\sort\\1.png";s:16:"\0GameCard\0active";i:0;s:17:"\0GameCard\0visable";i:1;}i:4;O:8:"GameCard":12:{s:12:"\0GameCard\0id";s:1:"8";s:14:"\0GameCard\0type";s:8:"creature";s:19:"\0GameCard\0puissance";s:1:"7";s:15:"\0GameCard\0pvMax";s:1:"5";s:14:"\0GameCard\0mana";s:1:"5";s:17:"\0GameCard\0abilite";a:1:{i:0;s:1:"2";}s:12:"\0GameCard\0pv";s:1:"5";s:22:"\0GameCard\0localisation";i:1;s:16:"\0GameCard\0indice";i:1;s:14:"\0GameCard\0path";s:35:".\\assets\\img\\gabarit\\creature\\8.png";s:16:"\0GameCard\0active";i:0;s:17:"\0GameCard\0visable";i:1;}i:5;O:8:"GameCard":12:{s:12:"\0GameCard\0id";s:2:"10";s:14:"\0GameCard\0type";s:8:"creature";s:19:"\0GameCard\0puissance";s:1:"1";s:15:"\0GameCard\0pvMax";s:1:"3";s:14:"\0GameCard\0mana";s:1:"1";s:17:"\0GameCard\0abilite";a:1:{i:0;s:1:"1";}s:12:"\0GameCard\0pv";s:1:"3";s:22:"\0GameCard\0localisation";i:1;s:16:"\0GameCard\0indice";i:2;s:14:"\0GameCard\0path";s:36:".\\assets\\img\\gabarit\\creature\\10.png";s:16:"\0GameCard\0active";i:0;s:17:"\0GameCard\0visable";i:1;}i:6;O:8:"GameCard":12:{s:12:"\0GameCard\0id";s:1:"2";s:14:"\0GameCard\0type";s:4:"sort";s:19:"\0GameCard\0puissance";s:1:"4";s:15:"\0GameCard\0pvMax";N;s:14:"\0GameCard\0mana";s:1:"3";s:17:"\0GameCard\0abilite";a:1:{i:0;s:1:"3";}s:12:"\0GameCard\0pv";N;s:22:"\0GameCard\0localisation";i:1;s:16:"\0GameCard\0indice";i:1;s:14:"\0GameCard\0path";s:31:".\\assets\\img\\gabarit\\sort\\2.png";s:16:"\0GameCard\0active";i:0;s:17:"\0GameCard\0visable";i:1;}i:7;O:8:"GameCard":12:{s:12:"\0GameCard\0id";s:2:"11";s:14:"\0GameCard\0type";s:8:"creature";s:19:"\0GameCard\0puissance";s:1:"3";s:15:"\0GameCard\0pvMax";s:1:"6";s:14:"\0GameCard\0mana";s:1:"3";s:17:"\0GameCard\0abilite";a:2:{i:0;s:1:"1";i:1;s:1:"3";}s:12:"\0GameCard\0pv";s:1:"6";s:22:"\0GameCard\0localisation";i:1;s:16:"\0GameCard\0indice";i:2;s:14:"\0GameCard\0path";s:36:".\\assets\\img\\gabarit\\creature\\11.png";s:16:"\0GameCard\0active";i:0;s:17:"\0GameCard\0visable";i:1;}i:8;O:8:"GameCard":12:{s:12:"\0GameCard\0id";s:1:"7";s:14:"\0GameCard\0type";s:8:"creature";s:19:"\0GameCard\0puissance";s:1:"2";s:15:"\0GameCard\0pvMax";s:1:"4";s:14:"\0GameCard\0mana";s:1:"4";s:17:"\0GameCard\0abilite";a:1:{i:0;i:0;}s:12:"\0GameCard\0pv";s:1:"4";s:22:"\0GameCard\0localisation";i:1;s:16:"\0GameCard\0indice";i:1;s:14:"\0GameCard\0path";s:35:".\\assets\\img\\gabarit\\creature\\7.png";s:16:"\0GameCard\0active";i:0;s:17:"\0GameCard\0visable";i:1;}i:9;O:8:"GameCard":12:{s:12:"\0GameCard\0id";s:2:"11";s:14:"\0GameCard\0type";s:8:"creature";s:19:"\0GameCard\0puissance";s:1:"3";s:15:"\0GameCard\0pvMax";s:1:"6";s:14:"\0GameCard\0mana";s:1:"3";s:17:"\0GameCard\0abilite";a:2:{i:0;s:1:"1";i:1;s:1:"3";}s:12:"\0GameCard\0pv";s:1:"6";s:22:"\0GameCard\0localisation";i:1;s:16:"\0GameCard\0indice";i:1;s:14:"\0GameCard\0path";s:36:".\\assets\\img\\gabarit\\creature\\11.png";s:16:"\0GameCard\0active";i:0;s:17:"\0GameCard\0visable";i:1;}i:10;O:8:"GameCard":12:{s:12:"\0GameCard\0id";s:1:"9";s:14:"\0GameCard\0type";s:8:"creature";s:19:"\0GameCard\0puissance";s:1:"8";s:15:"\0GameCard\0pvMax";s:1:"6";s:14:"\0GameCard\0mana";s:1:"7";s:17:"\0GameCard\0abilite";a:1:{i:0;i:0;}s:12:"\0GameCard\0pv";s:1:"6";s:22:"\0GameCard\0localisation";i:1;s:16:"\0GameCard\0indice";i:2;s:14:"\0GameCard\0path";s:35:".\\assets\\img\\gabarit\\creature\\9.png";s:16:"\0GameCard\0active";i:0;s:17:"\0GameCard\0visable";i:1;}i:11;O:8:"GameCard":12:{s:12:"\0GameCard\0id";s:1:"6";s:14:"\0GameCard\0type";s:8:"creature";s:19:"\0GameCard\0puissance";s:1:"5";s:15:"\0GameCard\0pvMax";s:1:"3";s:14:"\0GameCard\0mana";s:1:"3";s:17:"\0GameCard\0abilite";a:1:{i:0;i:0;}s:12:"\0GameCard\0pv";s:1:"3";s:22:"\0GameCard\0localisation";i:1;s:16:"\0GameCard\0indice";i:1;s:14:"\0GameCard\0path";s:35:".\\assets\\img\\gabarit\\creature\\6.png";s:16:"\0GameCard\0active";i:0;s:17:"\0GameCard\0visable";i:1;}i:12;O:8:"GameCard":12:{s:12:"\0GameCard\0id";s:2:"10";s:14:"\0GameCard\0type";s:8:"creature";s:19:"\0GameCard\0puissance";s:1:"1";s:15:"\0GameCard\0pvMax";s:1:"3";s:14:"\0GameCard\0mana";s:1:"1";s:17:"\0GameCard\0abilite";a:1:{i:0;s:1:"1";}s:12:"\0GameCard\0pv";s:1:"3";s:22:"\0GameCard\0localisation";i:1;s:16:"\0GameCard\0indice";i:1;s:14:"\0GameCard\0path";s:36:".\\assets\\img\\gabarit\\creature\\10.png";s:16:"\0GameCard\0active";i:0;s:17:"\0GameCard\0visable";i:1;}i:13;O:8:"GameCard":12:{s:12:"\0GameCard\0id";s:1:"8";s:14:"\0GameCard\0type";s:8:"creature";s:19:"\0GameCard\0puissance";s:1:"7";s:15:"\0GameCard\0pvMax";s:1:"5";s:14:"\0GameCard\0mana";s:1:"5";s:17:"\0GameCard\0abilite";a:1:{i:0;s:1:"2";}s:12:"\0GameCard\0pv";s:1:"5";s:22:"\0GameCard\0localisation";i:1;s:16:"\0GameCard\0indice";i:2;s:14:"\0GameCard\0path";s:35:".\\assets\\img\\gabarit\\creature\\8.png";s:16:"\0GameCard\0active";i:0;s:17:"\0GameCard\0visable";i:1;}i:14;O:8:"GameCard":12:{s:12:"\0GameCard\0id";s:1:"9";s:14:"\0GameCard\0type";s:8:"creature";s:19:"\0GameCard\0puissance";s:1:"8";s:15:"\0GameCard\0pvMax";s:1:"6";s:14:"\0GameCard\0mana";s:1:"7";s:17:"\0GameCard\0abilite";a:1:{i:0;i:0;}s:12:"\0GameCard\0pv";s:1:"6";s:22:"\0GameCard\0localisation";i:1;s:16:"\0GameCard\0indice";i:1;s:14:"\0GameCard\0path";s:35:".\\assets\\img\\gabarit\\creature\\9.png";s:16:"\0GameCard\0active";i:0;s:17:"\0GameCard\0visable";i:1;}i:15;O:8:"GameCard":12:{s:12:"\0GameCard\0id";s:1:"4";s:14:"\0GameCard\0type";s:8:"creature";s:19:"\0GameCard\0puissance";s:1:"2";s:15:"\0GameCard\0pvMax";s:1:"1";s:14:"\0GameCard\0mana";s:1:"1";s:17:"\0GameCard\0abilite";a:1:{i:0;i:0;}s:12:"\0GameCard\0pv";s:1:"1";s:22:"\0GameCard\0localisation";i:1;s:16:"\0GameCard\0indice";i:1;s:14:"\0GameCard\0path";s:35:".\\assets\\img\\gabarit\\creature\\4.png";s:16:"\0GameCard\0active";i:0;s:17:"\0GameCard\0visable";i:1;}i:16;O:8:"GameCard":12:{s:12:"\0GameCard\0id";s:2:"12";s:14:"\0GameCard\0type";s:8:"speciale";s:19:"\0GameCard\0puissance";s:1:"9";s:15:"\0GameCard\0pvMax";s:1:"9";s:14:"\0GameCard\0mana";s:1:"9";s:17:"\0GameCard\0abilite";a:1:{i:0;i:0;}s:12:"\0GameCard\0pv";s:1:"9";s:22:"\0GameCard\0localisation";i:1;s:16:"\0GameCard\0indice";i:1;s:14:"\0GameCard\0path";s:36:".\\assets\\img\\gabarit\\speciale\\12.png";s:16:"\0GameCard\0active";i:0;s:17:"\0GameCard\0visable";i:1;}i:17;O:8:"GameCard":12:{s:12:"\0GameCard\0id";s:1:"7";s:14:"\0GameCard\0type";s:8:"creature";s:19:"\0GameCard\0puissance";s:1:"2";s:15:"\0GameCard\0pvMax";s:1:"4";s:14:"\0GameCard\0mana";s:1:"4";s:17:"\0GameCard\0abilite";a:1:{i:0;i:0;}s:12:"\0GameCard\0pv";s:1:"4";s:22:"\0GameCard\0localisation";i:1;s:16:"\0GameCard\0indice";i:2;s:14:"\0GameCard\0path";s:35:".\\assets\\img\\gabarit\\creature\\7.png";s:16:"\0GameCard\0active";i:0;s:17:"\0GameCard\0visable";i:1;}i:18;O:8:"GameCard":12:{s:12:"\0GameCard\0id";s:1:"5";s:14:"\0GameCard\0type";s:8:"creature";s:19:"\0GameCard\0puissance";s:1:"2";s:15:"\0GameCard\0pvMax";s:1:"3";s:14:"\0GameCard\0mana";s:1:"2";s:17:"\0GameCard\0abilite";a:1:{i:0;i:0;}s:12:"\0GameCard\0pv";s:1:"3";s:22:"\0GameCard\0localisation";i:1;s:16:"\0GameCard\0indice";i:1;s:14:"\0GameCard\0path";s:35:".\\assets\\img\\gabarit\\creature\\5.png";s:16:"\0GameCard\0active";i:0;s:17:"\0GameCard\0visable";i:1;}i:19;O:8:"GameCard":12:{s:12:"\0GameCard\0id";s:1:"4";s:14:"\0GameCard\0type";s:8:"creature";s:19:"\0GameCard\0puissance";s:1:"2";s:15:"\0GameCard\0pvMax";s:1:"1";s:14:"\0GameCard\0mana";s:1:"1";s:17:"\0GameCard\0abilite";a:1:{i:0;i:0;}s:12:"\0GameCard\0pv";s:1:"1";s:22:"\0GameCard\0localisation";i:1;s:16:"\0GameCard\0indice";i:2;s:14:"\0GameCard\0path";s:35:".\\assets\\img\\gabarit\\creature\\4.png";s:16:"\0GameCard\0active";i:0;s:17:"\0GameCard\0visable";i:1;}}s:15:"\0GameDeck\0heros";s:1:"1";}s:12:"\0Joueur\0main";a:0:{}s:14:"\0Joueur\0pioche";a:20:{i:0;r:637;i:1;r:651;i:2;r:665;i:3;r:679;i:4;r:693;i:5;r:707;i:6;r:721;i:7;r:735;i:8;r:750;i:9;r:764;i:10;r:779;i:11;r:793;i:12;r:807;i:13;r:821;i:14;r:835;i:15;r:849;i:16;r:863;i:17;r:877;i:18;r:891;i:19;r:905;}s:15:"\0Joueur\0plateau";a:0:{}s:16:"\0Joueur\0defausse";a:0:{}s:10:"\0Joueur\0pv";i:20;s:12:"\0Joueur\0mana";i:0;s:15:"\0Joueur\0visable";i:1;}i:3;O:6:"Joueur":9:{s:10:"\0Joueur\0id";s:1:"8";s:12:"\0Joueur\0deck";O:8:"GameDeck":3:{s:12:"\0GameDeck\0id";s:1:"4";s:16:"\0GameDeck\0cartes";a:20:{i:0;O:8:"GameCard":12:{s:12:"\0GameCard\0id";s:2:"15";s:14:"\0GameCard\0type";s:4:"sort";s:19:"\0GameCard\0puissance";s:1:"7";s:15:"\0GameCard\0pvMax";N;s:14:"\0GameCard\0mana";s:1:"5";s:17:"\0GameCard\0abilite";a:1:{i:0;i:0;}s:12:"\0GameCard\0pv";N;s:22:"\0GameCard\0localisation";i:1;s:16:"\0GameCard\0indice";i:1;s:14:"\0GameCard\0path";s:32:".\\assets\\img\\gabarit\\sort\\15.png";s:16:"\0GameCard\0active";i:0;s:17:"\0GameCard\0visable";i:1;}i:1;O:8:"GameCard":12:{s:12:"\0GameCard\0id";s:2:"24";s:14:"\0GameCard\0type";s:8:"speciale";s:19:"\0GameCard\0puissance";s:1:"9";s:15:"\0GameCard\0pvMax";s:1:"9";s:14:"\0GameCard\0mana";s:1:"9";s:17:"\0GameCard\0abilite";a:1:{i:0;i:0;}s:12:"\0GameCard\0pv";s:1:"9";s:22:"\0GameCard\0localisation";i:1;s:16:"\0GameCard\0indice";i:1;s:14:"\0GameCard\0path";s:36:".\\assets\\img\\gabarit\\speciale\\24.png";s:16:"\0GameCard\0active";i:0;s:17:"\0GameCard\0visable";i:1;}i:2;O:8:"GameCard":12:{s:12:"\0GameCard\0id";s:2:"18";s:14:"\0GameCard\0type";s:8:"creature";s:19:"\0GameCard\0puissance";s:1:"4";s:15:"\0GameCard\0pvMax";s:1:"3";s:14:"\0GameCard\0mana";s:1:"3";s:17:"\0GameCard\0abilite";a:1:{i:0;s:1:"2";}s:12:"\0GameCard\0pv";s:1:"3";s:22:"\0GameCard\0localisation";i:1;s:16:"\0GameCard\0indice";i:2;s:14:"\0GameCard\0path";s:36:".\\assets\\img\\gabarit\\creature\\18.png";s:16:"\0GameCard\0active";i:0;s:17:"\0GameCard\0visable";i:1;}i:3;O:8:"GameCard":12:{s:12:"\0GameCard\0id";s:2:"16";s:14:"\0GameCard\0type";s:8:"creature";s:19:"\0GameCard\0puissance";s:1:"1";s:15:"\0GameCard\0pvMax";s:1:"1";s:14:"\0GameCard\0mana";s:1:"1";s:17:"\0GameCard\0abilite";a:1:{i:0;i:0;}s:12:"\0GameCard\0pv";s:1:"1";s:22:"\0GameCard\0localisation";i:1;s:16:"\0GameCard\0indice";i:1;s:14:"\0GameCard\0path";s:36:".\\assets\\img\\gabarit\\creature\\16.png";s:16:"\0GameCard\0active";i:0;s:17:"\0GameCard\0visable";i:1;}i:4;O:8:"GameCard":12:{s:12:"\0GameCard\0id";s:2:"21";s:14:"\0GameCard\0type";s:8:"creature";s:19:"\0GameCard\0puissance";s:1:"8";s:15:"\0GameCard\0pvMax";s:1:"6";s:14:"\0GameCard\0mana";s:1:"7";s:17:"\0GameCard\0abilite";a:1:{i:0;i:0;}s:12:"\0GameCard\0pv";s:1:"6";s:22:"\0GameCard\0localisation";i:1;s:16:"\0GameCard\0indice";i:2;s:14:"\0GameCard\0path";s:36:".\\assets\\img\\gabarit\\creature\\21.png";s:16:"\0GameCard\0active";i:0;s:17:"\0GameCard\0visable";i:1;}i:5;O:8:"GameCard":12:{s:12:"\0GameCard\0id";s:2:"17";s:14:"\0GameCard\0type";s:8:"creature";s:19:"\0GameCard\0puissance";s:1:"2";s:15:"\0GameCard\0pvMax";s:1:"3";s:14:"\0GameCard\0mana";s:1:"2";s:17:"\0GameCard\0abilite";a:1:{i:0;i:0;}s:12:"\0GameCard\0pv";s:1:"3";s:22:"\0GameCard\0localisation";i:1;s:16:"\0GameCard\0indice";i:1;s:14:"\0GameCard\0path";s:36:".\\assets\\img\\gabarit\\creature\\17.png";s:16:"\0GameCard\0active";i:0;s:17:"\0GameCard\0visable";i:1;}i:6;O:8:"GameCard":12:{s:12:"\0GameCard\0id";s:2:"19";s:14:"\0GameCard\0type";s:8:"creature";s:19:"\0GameCard\0puissance";s:1:"2";s:15:"\0GameCard\0pvMax";s:1:"4";s:14:"\0GameCard\0mana";s:1:"4";s:17:"\0GameCard\0abilite";a:1:{i:0;i:0;}s:12:"\0GameCard\0pv";s:1:"4";s:22:"\0GameCard\0localisation";i:1;s:16:"\0GameCard\0indice";i:2;s:14:"\0GameCard\0path";s:36:".\\assets\\img\\gabarit\\creature\\19.png";s:16:"\0GameCard\0active";i:0;s:17:"\0GameCard\0visable";i:1;}i:7;O:8:"GameCard":12:{s:12:"\0GameCard\0id";s:2:"21";s:14:"\0GameCard\0type";s:8:"creature";s:19:"\0GameCard\0puissance";s:1:"8";s:15:"\0GameCard\0pvMax";s:1:"6";s:14:"\0GameCard\0mana";s:1:"7";s:17:"\0GameCard\0abilite";a:1:{i:0;i:0;}s:12:"\0GameCard\0pv";s:1:"6";s:22:"\0GameCard\0localisation";i:1;s:16:"\0GameCard\0indice";i:1;s:14:"\0GameCard\0path";s:36:".\\assets\\img\\gabarit\\creature\\21.png";s:16:"\0GameCard\0active";i:0;s:17:"\0GameCard\0visable";i:1;}i:8;O:8:"GameCard":12:{s:12:"\0GameCard\0id";s:2:"14";s:14:"\0GameCard\0type";s:4:"sort";s:19:"\0GameCard\0puissance";s:1:"5";s:15:"\0GameCard\0pvMax";N;s:14:"\0GameCard\0mana";s:1:"3";s:17:"\0GameCard\0abilite";a:1:{i:0;s:1:"3";}s:12:"\0GameCard\0pv";N;s:22:"\0GameCard\0localisation";i:1;s:16:"\0GameCard\0indice";i:1;s:14:"\0GameCard\0path";s:32:".\\assets\\img\\gabarit\\sort\\14.png";s:16:"\0GameCard\0active";i:0;s:17:"\0GameCard\0visable";i:1;}i:9;O:8:"GameCard":12:{s:12:"\0GameCard\0id";s:2:"18";s:14:"\0GameCard\0type";s:8:"creature";s:19:"\0GameCard\0puissance";s:1:"4";s:15:"\0GameCard\0pvMax";s:1:"3";s:14:"\0GameCard\0mana";s:1:"3";s:17:"\0GameCard\0abilite";a:1:{i:0;s:1:"2";}s:12:"\0GameCard\0pv";s:1:"3";s:22:"\0GameCard\0localisation";i:1;s:16:"\0GameCard\0indice";i:1;s:14:"\0GameCard\0path";s:36:".\\assets\\img\\gabarit\\creature\\18.png";s:16:"\0GameCard\0active";i:0;s:17:"\0GameCard\0visable";i:1;}i:10;O:8:"GameCard":12:{s:12:"\0GameCard\0id";s:2:"23";s:14:"\0GameCard\0type";s:8:"creature";s:19:"\0GameCard\0puissance";s:1:"3";s:15:"\0GameCard\0pvMax";s:1:"6";s:14:"\0GameCard\0mana";s:1:"3";s:17:"\0GameCard\0abilite";a:1:{i:0;s:1:"1";}s:12:"\0GameCard\0pv";s:1:"6";s:22:"\0GameCard\0localisation";i:1;s:16:"\0GameCard\0indice";i:2;s:14:"\0GameCard\0path";s:36:".\\assets\\img\\gabarit\\creature\\23.png";s:16:"\0GameCard\0active";i:0;s:17:"\0GameCard\0visable";i:1;}i:11;O:8:"GameCard":12:{s:12:"\0GameCard\0id";s:2:"20";s:14:"\0GameCard\0type";s:8:"creature";s:19:"\0GameCard\0puissance";s:1:"6";s:15:"\0GameCard\0pvMax";s:1:"5";s:14:"\0GameCard\0mana";s:1:"5";s:17:"\0GameCard\0abilite";a:1:{i:0;s:1:"3";}s:12:"\0GameCard\0pv";s:1:"5";s:22:"\0GameCard\0localisation";i:1;s:16:"\0GameCard\0indice";i:1;s:14:"\0GameCard\0path";s:36:".\\assets\\img\\gabarit\\creature\\20.png";s:16:"\0GameCard\0active";i:0;s:17:"\0GameCard\0visable";i:1;}i:12;O:8:"GameCard":12:{s:12:"\0GameCard\0id";s:2:"19";s:14:"\0GameCard\0type";s:8:"creature";s:19:"\0GameCard\0puissance";s:1:"2";s:15:"\0GameCard\0pvMax";s:1:"4";s:14:"\0GameCard\0mana";s:1:"4";s:17:"\0GameCard\0abilite";a:1:{i:0;i:0;}s:12:"\0GameCard\0pv";s:1:"4";s:22:"\0GameCard\0localisation";i:1;s:16:"\0GameCard\0indice";i:1;s:14:"\0GameCard\0path";s:36:".\\assets\\img\\gabarit\\creature\\19.png";s:16:"\0GameCard\0active";i:0;s:17:"\0GameCard\0visable";i:1;}i:13;O:8:"GameCard":12:{s:12:"\0GameCard\0id";s:2:"20";s:14:"\0GameCard\0type";s:8:"creature";s:19:"\0GameCard\0puissance";s:1:"6";s:15:"\0GameCard\0pvMax";s:1:"5";s:14:"\0GameCard\0mana";s:1:"5";s:17:"\0GameCard\0abilite";a:1:{i:0;s:1:"3";}s:12:"\0GameCard\0pv";s:1:"5";s:22:"\0GameCard\0localisation";i:1;s:16:"\0GameCard\0indice";i:2;s:14:"\0GameCard\0path";s:36:".\\assets\\img\\gabarit\\creature\\20.png";s:16:"\0GameCard\0active";i:0;s:17:"\0GameCard\0visable";i:1;}i:14;O:8:"GameCard":12:{s:12:"\0GameCard\0id";s:2:"22";s:14:"\0GameCard\0type";s:8:"creature";s:19:"\0GameCard\0puissance";s:1:"1";s:15:"\0GameCard\0pvMax";s:1:"3";s:14:"\0GameCard\0mana";s:1:"1";s:17:"\0GameCard\0abilite";a:1:{i:0;s:1:"1";}s:12:"\0GameCard\0pv";s:1:"3";s:22:"\0GameCard\0localisation";i:1;s:16:"\0GameCard\0indice";i:2;s:14:"\0GameCard\0path";s:36:".\\assets\\img\\gabarit\\creature\\22.png";s:16:"\0GameCard\0active";i:0;s:17:"\0GameCard\0visable";i:1;}i:15;O:8:"GameCard":12:{s:12:"\0GameCard\0id";s:2:"22";s:14:"\0GameCard\0type";s:8:"creature";s:19:"\0GameCard\0puissance";s:1:"1";s:15:"\0GameCard\0pvMax";s:1:"3";s:14:"\0GameCard\0mana";s:1:"1";s:17:"\0GameCard\0abilite";a:1:{i:0;s:1:"1";}s:12:"\0GameCard\0pv";s:1:"3";s:22:"\0GameCard\0localisation";i:1;s:16:"\0GameCard\0indice";i:1;s:14:"\0GameCard\0path";s:36:".\\assets\\img\\gabarit\\creature\\22.png";s:16:"\0GameCard\0active";i:0;s:17:"\0GameCard\0visable";i:1;}i:16;O:8:"GameCard":12:{s:12:"\0GameCard\0id";s:2:"16";s:14:"\0GameCard\0type";s:8:"creature";s:19:"\0GameCard\0puissance";s:1:"1";s:15:"\0GameCard\0pvMax";s:1:"1";s:14:"\0GameCard\0mana";s:1:"1";s:17:"\0GameCard\0abilite";a:1:{i:0;i:0;}s:12:"\0GameCard\0pv";s:1:"1";s:22:"\0GameCard\0localisation";i:1;s:16:"\0GameCard\0indice";i:2;s:14:"\0GameCard\0path";s:36:".\\assets\\img\\gabarit\\creature\\16.png";s:16:"\0GameCard\0active";i:0;s:17:"\0GameCard\0visable";i:1;}i:17;O:8:"GameCard":12:{s:12:"\0GameCard\0id";s:2:"23";s:14:"\0GameCard\0type";s:8:"creature";s:19:"\0GameCard\0puissance";s:1:"3";s:15:"\0GameCard\0pvMax";s:1:"6";s:14:"\0GameCard\0mana";s:1:"3";s:17:"\0GameCard\0abilite";a:1:{i:0;s:1:"1";}s:12:"\0GameCard\0pv";s:1:"6";s:22:"\0GameCard\0localisation";i:1;s:16:"\0GameCard\0indice";i:1;s:14:"\0GameCard\0path";s:36:".\\assets\\img\\gabarit\\creature\\23.png";s:16:"\0GameCard\0active";i:0;s:17:"\0GameCard\0visable";i:1;}i:18;O:8:"GameCard":12:{s:12:"\0GameCard\0id";s:2:"13";s:14:"\0GameCard\0type";s:4:"sort";s:19:"\0GameCard\0puissance";s:1:"2";s:15:"\0GameCard\0pvMax";N;s:14:"\0GameCard\0mana";s:1:"1";s:17:"\0GameCard\0abilite";a:1:{i:0;i:0;}s:12:"\0GameCard\0pv";N;s:22:"\0GameCard\0localisation";i:1;s:16:"\0GameCard\0indice";i:1;s:14:"\0GameCard\0path";s:32:".\\assets\\img\\gabarit\\sort\\13.png";s:16:"\0GameCard\0active";i:0;s:17:"\0GameCard\0visable";i:1;}i:19;O:8:"GameCard":12:{s:12:"\0GameCard\0id";s:2:"17";s:14:"\0GameCard\0type";s:8:"creature";s:19:"\0GameCard\0puissance";s:1:"2";s:15:"\0GameCard\0pvMax";s:1:"3";s:14:"\0GameCard\0mana";s:1:"2";s:17:"\0GameCard\0abilite";a:1:{i:0;i:0;}s:12:"\0GameCard\0pv";s:1:"3";s:22:"\0GameCard\0localisation";i:1;s:16:"\0GameCard\0indice";i:2;s:14:"\0GameCard\0path";s:36:".\\assets\\img\\gabarit\\creature\\17.png";s:16:"\0GameCard\0active";i:0;s:17:"\0GameCard\0visable";i:1;}}s:15:"\0GameDeck\0heros";s:1:"2";}s:12:"\0Joueur\0main";a:0:{}s:14:"\0Joueur\0pioche";a:20:{i:0;r:952;i:1;r:966;i:2;r:980;i:3;r:994;i:4;r:1008;i:5;r:1022;i:6;r:1036;i:7;r:1050;i:8;r:1064;i:9;r:1078;i:10;r:1092;i:11;r:1106;i:12;r:1120;i:13;r:1134;i:14;r:1148;i:15;r:1162;i:16;r:1176;i:17;r:1190;i:18;r:1204;i:19;r:1218;}s:15:"\0Joueur\0plateau";a:0:{}s:16:"\0Joueur\0defausse";a:0:{}s:10:"\0Joueur\0pv";i:20;s:12:"\0Joueur\0mana";i:0;s:15:"\0Joueur\0visable";i:1;}i:4;O:6:"Joueur":9:{s:10:"\0Joueur\0id";s:1:"7";s:12:"\0Joueur\0deck";O:8:"GameDeck":3:{s:12:"\0GameDeck\0id";s:1:"3";s:16:"\0GameDeck\0cartes";a:20:{i:0;O:8:"GameCard":12:{s:12:"\0GameCard\0id";s:1:"3";s:14:"\0GameCard\0type";s:4:"sort";s:19:"\0GameCard\0puissance";s:1:"6";s:15:"\0GameCard\0pvMax";N;s:14:"\0GameCard\0mana";s:1:"5";s:17:"\0GameCard\0abilite";a:1:{i:0;i:0;}s:12:"\0GameCard\0pv";N;s:22:"\0GameCard\0localisation";i:2;s:16:"\0GameCard\0indice";i:1;s:14:"\0GameCard\0path";s:31:".\\assets\\img\\gabarit\\sort\\3.png";s:16:"\0GameCard\0active";i:0;s:17:"\0GameCard\0visable";i:1;}i:1;O:8:"GameCard":12:{s:12:"\0GameCard\0id";s:1:"5";s:14:"\0GameCard\0type";s:8:"creature";s:19:"\0GameCard\0puissance";s:1:"2";s:15:"\0GameCard\0pvMax";s:1:"3";s:14:"\0GameCard\0mana";s:1:"2";s:17:"\0GameCard\0abilite";a:1:{i:0;i:0;}s:12:"\0GameCard\0pv";s:1:"3";s:22:"\0GameCard\0localisation";i:2;s:16:"\0GameCard\0indice";i:2;s:14:"\0GameCard\0path";s:35:".\\assets\\img\\gabarit\\creature\\5.png";s:16:"\0GameCard\0active";i:0;s:17:"\0GameCard\0visable";i:1;}i:2;O:8:"GameCard":12:{s:12:"\0GameCard\0id";s:1:"6";s:14:"\0GameCard\0type";s:8:"creature";s:19:"\0GameCard\0puissance";s:1:"5";s:15:"\0GameCard\0pvMax";s:1:"3";s:14:"\0GameCard\0mana";s:1:"3";s:17:"\0GameCard\0abilite";a:1:{i:0;i:0;}s:12:"\0GameCard\0pv";s:1:"3";s:22:"\0GameCard\0localisation";i:2;s:16:"\0GameCard\0indice";i:2;s:14:"\0GameCard\0path";s:35:".\\assets\\img\\gabarit\\creature\\6.png";s:16:"\0GameCard\0active";i:0;s:17:"\0GameCard\0visable";i:1;}i:3;O:8:"GameCard":12:{s:12:"\0GameCard\0id";s:1:"1";s:14:"\0GameCard\0type";s:4:"sort";s:19:"\0GameCard\0puissance";s:1:"1";s:15:"\0GameCard\0pvMax";N;s:14:"\0GameCard\0mana";s:1:"1";s:17:"\0GameCard\0abilite";a:1:{i:0;i:0;}s:12:"\0GameCard\0pv";N;s:22:"\0GameCard\0localisation";i:1;s:16:"\0GameCard\0indice";i:1;s:14:"\0GameCard\0path";s:31:".\\assets\\img\\gabarit\\sort\\1.png";s:16:"\0GameCard\0active";i:0;s:17:"\0GameCard\0visable";i:1;}i:4;O:8:"GameCard":12:{s:12:"\0GameCard\0id";s:1:"8";s:14:"\0GameCard\0type";s:8:"creature";s:19:"\0GameCard\0puissance";s:1:"7";s:15:"\0GameCard\0pvMax";s:1:"5";s:14:"\0GameCard\0mana";s:1:"5";s:17:"\0GameCard\0abilite";a:1:{i:0;s:1:"2";}s:12:"\0GameCard\0pv";s:1:"5";s:22:"\0GameCard\0localisation";i:1;s:16:"\0GameCard\0indice";i:1;s:14:"\0GameCard\0path";s:35:".\\assets\\img\\gabarit\\creature\\8.png";s:16:"\0GameCard\0active";i:0;s:17:"\0GameCard\0visable";i:1;}i:5;O:8:"GameCard":12:{s:12:"\0GameCard\0id";s:2:"10";s:14:"\0GameCard\0type";s:8:"creature";s:19:"\0GameCard\0puissance";s:1:"1";s:15:"\0GameCard\0pvMax";s:1:"3";s:14:"\0GameCard\0mana";s:1:"1";s:17:"\0GameCard\0abilite";a:1:{i:0;s:1:"1";}s:12:"\0GameCard\0pv";s:1:"3";s:22:"\0GameCard\0localisation";i:1;s:16:"\0GameCard\0indice";i:2;s:14:"\0GameCard\0path";s:36:".\\assets\\img\\gabarit\\creature\\10.png";s:16:"\0GameCard\0active";i:0;s:17:"\0GameCard\0visable";i:1;}i:6;O:8:"GameCard":12:{s:12:"\0GameCard\0id";s:1:"2";s:14:"\0GameCard\0type";s:4:"sort";s:19:"\0GameCard\0puissance";s:1:"4";s:15:"\0GameCard\0pvMax";N;s:14:"\0GameCard\0mana";s:1:"3";s:17:"\0GameCard\0abilite";a:1:{i:0;s:1:"3";}s:12:"\0GameCard\0pv";N;s:22:"\0GameCard\0localisation";i:1;s:16:"\0GameCard\0indice";i:1;s:14:"\0GameCard\0path";s:31:".\\assets\\img\\gabarit\\sort\\2.png";s:16:"\0GameCard\0active";i:0;s:17:"\0GameCard\0visable";i:1;}i:7;O:8:"GameCard":12:{s:12:"\0GameCard\0id";s:2:"11";s:14:"\0GameCard\0type";s:8:"creature";s:19:"\0GameCard\0puissance";s:1:"3";s:15:"\0GameCard\0pvMax";s:1:"6";s:14:"\0GameCard\0mana";s:1:"3";s:17:"\0GameCard\0abilite";a:2:{i:0;s:1:"1";i:1;s:1:"3";}s:12:"\0GameCard\0pv";s:1:"6";s:22:"\0GameCard\0localisation";i:1;s:16:"\0GameCard\0indice";i:2;s:14:"\0GameCard\0path";s:36:".\\assets\\img\\gabarit\\creature\\11.png";s:16:"\0GameCard\0active";i:0;s:17:"\0GameCard\0visable";i:1;}i:8;O:8:"GameCard":12:{s:12:"\0GameCard\0id";s:1:"7";s:14:"\0GameCard\0type";s:8:"creature";s:19:"\0GameCard\0puissance";s:1:"2";s:15:"\0GameCard\0pvMax";s:1:"4";s:14:"\0GameCard\0mana";s:1:"4";s:17:"\0GameCard\0abilite";a:1:{i:0;i:0;}s:12:"\0GameCard\0pv";s:1:"4";s:22:"\0GameCard\0localisation";i:1;s:16:"\0GameCard\0indice";i:1;s:14:"\0GameCard\0path";s:35:".\\assets\\img\\gabarit\\creature\\7.png";s:16:"\0GameCard\0active";i:0;s:17:"\0GameCard\0visable";i:1;}i:9;O:8:"GameCard":12:{s:12:"\0GameCard\0id";s:2:"11";s:14:"\0GameCard\0type";s:8:"creature";s:19:"\0GameCard\0puissance";s:1:"3";s:15:"\0GameCard\0pvMax";s:1:"6";s:14:"\0GameCard\0mana";s:1:"3";s:17:"\0GameCard\0abilite";a:2:{i:0;s:1:"1";i:1;s:1:"3";}s:12:"\0GameCard\0pv";s:1:"6";s:22:"\0GameCard\0localisation";i:1;s:16:"\0GameCard\0indice";i:1;s:14:"\0GameCard\0path";s:36:".\\assets\\img\\gabarit\\creature\\11.png";s:16:"\0GameCard\0active";i:0;s:17:"\0GameCard\0visable";i:1;}i:10;O:8:"GameCard":12:{s:12:"\0GameCard\0id";s:1:"9";s:14:"\0GameCard\0type";s:8:"creature";s:19:"\0GameCard\0puissance";s:1:"8";s:15:"\0GameCard\0pvMax";s:1:"6";s:14:"\0GameCard\0mana";s:1:"7";s:17:"\0GameCard\0abilite";a:1:{i:0;i:0;}s:12:"\0GameCard\0pv";s:1:"6";s:22:"\0GameCard\0localisation";i:1;s:16:"\0GameCard\0indice";i:2;s:14:"\0GameCard\0path";s:35:".\\assets\\img\\gabarit\\creature\\9.png";s:16:"\0GameCard\0active";i:0;s:17:"\0GameCard\0visable";i:1;}i:11;O:8:"GameCard":12:{s:12:"\0GameCard\0id";s:1:"6";s:14:"\0GameCard\0type";s:8:"creature";s:19:"\0GameCard\0puissance";s:1:"5";s:15:"\0GameCard\0pvMax";s:1:"3";s:14:"\0GameCard\0mana";s:1:"3";s:17:"\0GameCard\0abilite";a:1:{i:0;i:0;}s:12:"\0GameCard\0pv";s:1:"3";s:22:"\0GameCard\0localisation";i:1;s:16:"\0GameCard\0indice";i:1;s:14:"\0GameCard\0path";s:35:".\\assets\\img\\gabarit\\creature\\6.png";s:16:"\0GameCard\0active";i:0;s:17:"\0GameCard\0visable";i:1;}i:12;O:8:"GameCard":12:{s:12:"\0GameCard\0id";s:2:"10";s:14:"\0GameCard\0type";s:8:"creature";s:19:"\0GameCard\0puissance";s:1:"1";s:15:"\0GameCard\0pvMax";s:1:"3";s:14:"\0GameCard\0mana";s:1:"1";s:17:"\0GameCard\0abilite";a:1:{i:0;s:1:"1";}s:12:"\0GameCard\0pv";s:1:"3";s:22:"\0GameCard\0localisation";i:1;s:16:"\0GameCard\0indice";i:1;s:14:"\0GameCard\0path";s:36:".\\assets\\img\\gabarit\\creature\\10.png";s:16:"\0GameCard\0active";i:0;s:17:"\0GameCard\0visable";i:1;}i:13;O:8:"GameCard":12:{s:12:"\0GameCard\0id";s:1:"8";s:14:"\0GameCard\0type";s:8:"creature";s:19:"\0GameCard\0puissance";s:1:"7";s:15:"\0GameCard\0pvMax";s:1:"5";s:14:"\0GameCard\0mana";s:1:"5";s:17:"\0GameCard\0abilite";a:1:{i:0;s:1:"2";}s:12:"\0GameCard\0pv";s:1:"5";s:22:"\0GameCard\0localisation";i:1;s:16:"\0GameCard\0indice";i:2;s:14:"\0GameCard\0path";s:35:".\\assets\\img\\gabarit\\creature\\8.png";s:16:"\0GameCard\0active";i:0;s:17:"\0GameCard\0visable";i:1;}i:14;O:8:"GameCard":12:{s:12:"\0GameCard\0id";s:1:"9";s:14:"\0GameCard\0type";s:8:"creature";s:19:"\0GameCard\0puissance";s:1:"8";s:15:"\0GameCard\0pvMax";s:1:"6";s:14:"\0GameCard\0mana";s:1:"7";s:17:"\0GameCard\0abilite";a:1:{i:0;i:0;}s:12:"\0GameCard\0pv";s:1:"6";s:22:"\0GameCard\0localisation";i:1;s:16:"\0GameCard\0indice";i:1;s:14:"\0GameCard\0path";s:35:".\\assets\\img\\gabarit\\creature\\9.png";s:16:"\0GameCard\0active";i:0;s:17:"\0GameCard\0visable";i:1;}i:15;O:8:"GameCard":12:{s:12:"\0GameCard\0id";s:1:"4";s:14:"\0GameCard\0type";s:8:"creature";s:19:"\0GameCard\0puissance";s:1:"2";s:15:"\0GameCard\0pvMax";s:1:"1";s:14:"\0GameCard\0mana";s:1:"1";s:17:"\0GameCard\0abilite";a:1:{i:0;i:0;}s:12:"\0GameCard\0pv";s:1:"1";s:22:"\0GameCard\0localisation";i:1;s:16:"\0GameCard\0indice";i:1;s:14:"\0GameCard\0path";s:35:".\\assets\\img\\gabarit\\creature\\4.png";s:16:"\0GameCard\0active";i:0;s:17:"\0GameCard\0visable";i:1;}i:16;O:8:"GameCard":12:{s:12:"\0GameCard\0id";s:2:"12";s:14:"\0GameCard\0type";s:8:"speciale";s:19:"\0GameCard\0puissance";s:1:"9";s:15:"\0GameCard\0pvMax";s:1:"9";s:14:"\0GameCard\0mana";s:1:"9";s:17:"\0GameCard\0abilite";a:1:{i:0;i:0;}s:12:"\0GameCard\0pv";s:1:"9";s:22:"\0GameCard\0localisation";i:1;s:16:"\0GameCard\0indice";i:1;s:14:"\0GameCard\0path";s:36:".\\assets\\img\\gabarit\\speciale\\12.png";s:16:"\0GameCard\0active";i:0;s:17:"\0GameCard\0visable";i:1;}i:17;O:8:"GameCard":12:{s:12:"\0GameCard\0id";s:1:"7";s:14:"\0GameCard\0type";s:8:"creature";s:19:"\0GameCard\0puissance";s:1:"2";s:15:"\0GameCard\0pvMax";s:1:"4";s:14:"\0GameCard\0mana";s:1:"4";s:17:"\0GameCard\0abilite";a:1:{i:0;i:0;}s:12:"\0GameCard\0pv";s:1:"4";s:22:"\0GameCard\0localisation";i:1;s:16:"\0GameCard\0indice";i:2;s:14:"\0GameCard\0path";s:35:".\\assets\\img\\gabarit\\creature\\7.png";s:16:"\0GameCard\0active";i:0;s:17:"\0GameCard\0visable";i:1;}i:18;O:8:"GameCard":12:{s:12:"\0GameCard\0id";s:1:"5";s:14:"\0GameCard\0type";s:8:"creature";s:19:"\0GameCard\0puissance";s:1:"2";s:15:"\0GameCard\0pvMax";s:1:"3";s:14:"\0GameCard\0mana";s:1:"2";s:17:"\0GameCard\0abilite";a:1:{i:0;i:0;}s:12:"\0GameCard\0pv";s:1:"3";s:22:"\0GameCard\0localisation";i:1;s:16:"\0GameCard\0indice";i:1;s:14:"\0GameCard\0path";s:35:".\\assets\\img\\gabarit\\creature\\5.png";s:16:"\0GameCard\0active";i:0;s:17:"\0GameCard\0visable";i:1;}i:19;O:8:"GameCard":12:{s:12:"\0GameCard\0id";s:1:"4";s:14:"\0GameCard\0type";s:8:"creature";s:19:"\0GameCard\0puissance";s:1:"2";s:15:"\0GameCard\0pvMax";s:1:"1";s:14:"\0GameCard\0mana";s:1:"1";s:17:"\0GameCard\0abilite";a:1:{i:0;i:0;}s:12:"\0GameCard\0pv";s:1:"1";s:22:"\0GameCard\0localisation";i:1;s:16:"\0GameCard\0indice";i:2;s:14:"\0GameCard\0path";s:35:".\\assets\\img\\gabarit\\creature\\4.png";s:16:"\0GameCard\0active";i:0;s:17:"\0GameCard\0visable";i:1;}}s:15:"\0GameDeck\0heros";s:1:"1";}s:12:"\0Joueur\0main";a:3:{i:31;r:1265;i:52;r:1279;i:62;r:1293;}s:14:"\0Joueur\0pioche";a:17:{i:0;r:1307;i:1;r:1321;i:2;r:1335;i:3;r:1349;i:4;r:1363;i:5;r:1378;i:6;r:1392;i:7;r:1407;i:8;r:1421;i:9;r:1435;i:10;r:1449;i:11;r:1463;i:12;r:1477;i:13;r:1491;i:14;r:1505;i:15;r:1519;i:16;r:1533;}s:15:"\0Joueur\0plateau";a:0:{}s:16:"\0Joueur\0defausse";a:0:{}s:10:"\0Joueur\0pv";i:20;s:12:"\0Joueur\0mana";i:1;s:15:"\0Joueur\0visable";i:1;}i:5;O:6:"Joueur":9:{s:10:"\0Joueur\0id";s:1:"8";s:12:"\0Joueur\0deck";O:8:"GameDeck":3:{s:12:"\0GameDeck\0id";s:1:"4";s:16:"\0GameDeck\0cartes";a:20:{i:0;O:8:"GameCard":12:{s:12:"\0GameCard\0id";s:2:"15";s:14:"\0GameCard\0type";s:4:"sort";s:19:"\0GameCard\0puissance";s:1:"7";s:15:"\0GameCard\0pvMax";N;s:14:"\0GameCard\0mana";s:1:"5";s:17:"\0GameCard\0abilite";a:1:{i:0;i:0;}s:12:"\0GameCard\0pv";N;s:22:"\0GameCard\0localisation";i:1;s:16:"\0GameCard\0indice";i:1;s:14:"\0GameCard\0path";s:32:".\\assets\\img\\gabarit\\sort\\15.png";s:16:"\0GameCard\0active";i:0;s:17:"\0GameCard\0visable";i:1;}i:1;O:8:"GameCard":12:{s:12:"\0GameCard\0id";s:2:"24";s:14:"\0GameCard\0type";s:8:"speciale";s:19:"\0GameCard\0puissance";s:1:"9";s:15:"\0GameCard\0pvMax";s:1:"9";s:14:"\0GameCard\0mana";s:1:"9";s:17:"\0GameCard\0abilite";a:1:{i:0;i:0;}s:12:"\0GameCard\0pv";s:1:"9";s:22:"\0GameCard\0localisation";i:1;s:16:"\0GameCard\0indice";i:1;s:14:"\0GameCard\0path";s:36:".\\assets\\img\\gabarit\\speciale\\24.png";s:16:"\0GameCard\0active";i:0;s:17:"\0GameCard\0visable";i:1;}i:2;O:8:"GameCard":12:{s:12:"\0GameCard\0id";s:2:"18";s:14:"\0GameCard\0type";s:8:"creature";s:19:"\0GameCard\0puissance";s:1:"4";s:15:"\0GameCard\0pvMax";s:1:"3";s:14:"\0GameCard\0mana";s:1:"3";s:17:"\0GameCard\0abilite";a:1:{i:0;s:1:"2";}s:12:"\0GameCard\0pv";s:1:"3";s:22:"\0GameCard\0localisation";i:1;s:16:"\0GameCard\0indice";i:2;s:14:"\0GameCard\0path";s:36:".\\assets\\img\\gabarit\\creature\\18.png";s:16:"\0GameCard\0active";i:0;s:17:"\0GameCard\0visable";i:1;}i:3;O:8:"GameCard":12:{s:12:"\0GameCard\0id";s:2:"16";s:14:"\0GameCard\0type";s:8:"creature";s:19:"\0GameCard\0puissance";s:1:"1";s:15:"\0GameCard\0pvMax";s:1:"1";s:14:"\0GameCard\0mana";s:1:"1";s:17:"\0GameCard\0abilite";a:1:{i:0;i:0;}s:12:"\0GameCard\0pv";s:1:"1";s:22:"\0GameCard\0localisation";i:1;s:16:"\0GameCard\0indice";i:1;s:14:"\0GameCard\0path";s:36:".\\assets\\img\\gabarit\\creature\\16.png";s:16:"\0GameCard\0active";i:0;s:17:"\0GameCard\0visable";i:1;}i:4;O:8:"GameCard":12:{s:12:"\0GameCard\0id";s:2:"21";s:14:"\0GameCard\0type";s:8:"creature";s:19:"\0GameCard\0puissance";s:1:"8";s:15:"\0GameCard\0pvMax";s:1:"6";s:14:"\0GameCard\0mana";s:1:"7";s:17:"\0GameCard\0abilite";a:1:{i:0;i:0;}s:12:"\0GameCard\0pv";s:1:"6";s:22:"\0GameCard\0localisation";i:1;s:16:"\0GameCard\0indice";i:2;s:14:"\0GameCard\0path";s:36:".\\assets\\img\\gabarit\\creature\\21.png";s:16:"\0GameCard\0active";i:0;s:17:"\0GameCard\0visable";i:1;}i:5;O:8:"GameCard":12:{s:12:"\0GameCard\0id";s:2:"17";s:14:"\0GameCard\0type";s:8:"creature";s:19:"\0GameCard\0puissance";s:1:"2";s:15:"\0GameCard\0pvMax";s:1:"3";s:14:"\0GameCard\0mana";s:1:"2";s:17:"\0GameCard\0abilite";a:1:{i:0;i:0;}s:12:"\0GameCard\0pv";s:1:"3";s:22:"\0GameCard\0localisation";i:1;s:16:"\0GameCard\0indice";i:1;s:14:"\0GameCard\0path";s:36:".\\assets\\img\\gabarit\\creature\\17.png";s:16:"\0GameCard\0active";i:0;s:17:"\0GameCard\0visable";i:1;}i:6;O:8:"GameCard":12:{s:12:"\0GameCard\0id";s:2:"19";s:14:"\0GameCard\0type";s:8:"creature";s:19:"\0GameCard\0puissance";s:1:"2";s:15:"\0GameCard\0pvMax";s:1:"4";s:14:"\0GameCard\0mana";s:1:"4";s:17:"\0GameCard\0abilite";a:1:{i:0;i:0;}s:12:"\0GameCard\0pv";s:1:"4";s:22:"\0GameCard\0localisation";i:1;s:16:"\0GameCard\0indice";i:2;s:14:"\0GameCard\0path";s:36:".\\assets\\img\\gabarit\\creature\\19.png";s:16:"\0GameCard\0active";i:0;s:17:"\0GameCard\0visable";i:1;}i:7;O:8:"GameCard":12:{s:12:"\0GameCard\0id";s:2:"21";s:14:"\0GameCard\0type";s:8:"creature";s:19:"\0GameCard\0puissance";s:1:"8";s:15:"\0GameCard\0pvMax";s:1:"6";s:14:"\0GameCard\0mana";s:1:"7";s:17:"\0GameCard\0abilite";a:1:{i:0;i:0;}s:12:"\0GameCard\0pv";s:1:"6";s:22:"\0GameCard\0localisation";i:1;s:16:"\0GameCard\0indice";i:1;s:14:"\0GameCard\0path";s:36:".\\assets\\img\\gabarit\\creature\\21.png";s:16:"\0GameCard\0active";i:0;s:17:"\0GameCard\0visable";i:1;}i:8;O:8:"GameCard":12:{s:12:"\0GameCard\0id";s:2:"14";s:14:"\0GameCard\0type";s:4:"sort";s:19:"\0GameCard\0puissance";s:1:"5";s:15:"\0GameCard\0pvMax";N;s:14:"\0GameCard\0mana";s:1:"3";s:17:"\0GameCard\0abilite";a:1:{i:0;s:1:"3";}s:12:"\0GameCard\0pv";N;s:22:"\0GameCard\0localisation";i:1;s:16:"\0GameCard\0indice";i:1;s:14:"\0GameCard\0path";s:32:".\\assets\\img\\gabarit\\sort\\14.png";s:16:"\0GameCard\0active";i:0;s:17:"\0GameCard\0visable";i:1;}i:9;O:8:"GameCard":12:{s:12:"\0GameCard\0id";s:2:"18";s:14:"\0GameCard\0type";s:8:"creature";s:19:"\0GameCard\0puissance";s:1:"4";s:15:"\0GameCard\0pvMax";s:1:"3";s:14:"\0GameCard\0mana";s:1:"3";s:17:"\0GameCard\0abilite";a:1:{i:0;s:1:"2";}s:12:"\0GameCard\0pv";s:1:"3";s:22:"\0GameCard\0localisation";i:1;s:16:"\0GameCard\0indice";i:1;s:14:"\0GameCard\0path";s:36:".\\assets\\img\\gabarit\\creature\\18.png";s:16:"\0GameCard\0active";i:0;s:17:"\0GameCard\0visable";i:1;}i:10;O:8:"GameCard":12:{s:12:"\0GameCard\0id";s:2:"23";s:14:"\0GameCard\0type";s:8:"creature";s:19:"\0GameCard\0puissance";s:1:"3";s:15:"\0GameCard\0pvMax";s:1:"6";s:14:"\0GameCard\0mana";s:1:"3";s:17:"\0GameCard\0abilite";a:1:{i:0;s:1:"1";}s:12:"\0GameCard\0pv";s:1:"6";s:22:"\0GameCard\0localisation";i:1;s:16:"\0GameCard\0indice";i:2;s:14:"\0GameCard\0path";s:36:".\\assets\\img\\gabarit\\creature\\23.png";s:16:"\0GameCard\0active";i:0;s:17:"\0GameCard\0visable";i:1;}i:11;O:8:"GameCard":12:{s:12:"\0GameCard\0id";s:2:"20";s:14:"\0GameCard\0type";s:8:"creature";s:19:"\0GameCard\0puissance";s:1:"6";s:15:"\0GameCard\0pvMax";s:1:"5";s:14:"\0GameCard\0mana";s:1:"5";s:17:"\0GameCard\0abilite";a:1:{i:0;s:1:"3";}s:12:"\0GameCard\0pv";s:1:"5";s:22:"\0GameCard\0localisation";i:1;s:16:"\0GameCard\0indice";i:1;s:14:"\0GameCard\0path";s:36:".\\assets\\img\\gabarit\\creature\\20.png";s:16:"\0GameCard\0active";i:0;s:17:"\0GameCard\0visable";i:1;}i:12;O:8:"GameCard":12:{s:12:"\0GameCard\0id";s:2:"19";s:14:"\0GameCard\0type";s:8:"creature";s:19:"\0GameCard\0puissance";s:1:"2";s:15:"\0GameCard\0pvMax";s:1:"4";s:14:"\0GameCard\0mana";s:1:"4";s:17:"\0GameCard\0abilite";a:1:{i:0;i:0;}s:12:"\0GameCard\0pv";s:1:"4";s:22:"\0GameCard\0localisation";i:1;s:16:"\0GameCard\0indice";i:1;s:14:"\0GameCard\0path";s:36:".\\assets\\img\\gabarit\\creature\\19.png";s:16:"\0GameCard\0active";i:0;s:17:"\0GameCard\0visable";i:1;}i:13;O:8:"GameCard":12:{s:12:"\0GameCard\0id";s:2:"20";s:14:"\0GameCard\0type";s:8:"creature";s:19:"\0GameCard\0puissance";s:1:"6";s:15:"\0GameCard\0pvMax";s:1:"5";s:14:"\0GameCard\0mana";s:1:"5";s:17:"\0GameCard\0abilite";a:1:{i:0;s:1:"3";}s:12:"\0GameCard\0pv";s:1:"5";s:22:"\0GameCard\0localisation";i:1;s:16:"\0GameCard\0indice";i:2;s:14:"\0GameCard\0path";s:36:".\\assets\\img\\gabarit\\creature\\20.png";s:16:"\0GameCard\0active";i:0;s:17:"\0GameCard\0visable";i:1;}i:14;O:8:"GameCard":12:{s:12:"\0GameCard\0id";s:2:"22";s:14:"\0GameCard\0type";s:8:"creature";s:19:"\0GameCard\0puissance";s:1:"1";s:15:"\0GameCard\0pvMax";s:1:"3";s:14:"\0GameCard\0mana";s:1:"1";s:17:"\0GameCard\0abilite";a:1:{i:0;s:1:"1";}s:12:"\0GameCard\0pv";s:1:"3";s:22:"\0GameCard\0localisation";i:1;s:16:"\0GameCard\0indice";i:2;s:14:"\0GameCard\0path";s:36:".\\assets\\img\\gabarit\\creature\\22.png";s:16:"\0GameCard\0active";i:0;s:17:"\0GameCard\0visable";i:1;}i:15;O:8:"GameCard":12:{s:12:"\0GameCard\0id";s:2:"22";s:14:"\0GameCard\0type";s:8:"creature";s:19:"\0GameCard\0puissance";s:1:"1";s:15:"\0GameCard\0pvMax";s:1:"3";s:14:"\0GameCard\0mana";s:1:"1";s:17:"\0GameCard\0abilite";a:1:{i:0;s:1:"1";}s:12:"\0GameCard\0pv";s:1:"3";s:22:"\0GameCard\0localisation";i:1;s:16:"\0GameCard\0indice";i:1;s:14:"\0GameCard\0path";s:36:".\\assets\\img\\gabarit\\creature\\22.png";s:16:"\0GameCard\0active";i:0;s:17:"\0GameCard\0visable";i:1;}i:16;O:8:"GameCard":12:{s:12:"\0GameCard\0id";s:2:"16";s:14:"\0GameCard\0type";s:8:"creature";s:19:"\0GameCard\0puissance";s:1:"1";s:15:"\0GameCard\0pvMax";s:1:"1";s:14:"\0GameCard\0mana";s:1:"1";s:17:"\0GameCard\0abilite";a:1:{i:0;i:0;}s:12:"\0GameCard\0pv";s:1:"1";s:22:"\0GameCard\0localisation";i:1;s:16:"\0GameCard\0indice";i:2;s:14:"\0GameCard\0path";s:36:".\\assets\\img\\gabarit\\creature\\16.png";s:16:"\0GameCard\0active";i:0;s:17:"\0GameCard\0visable";i:1;}i:17;O:8:"GameCard":12:{s:12:"\0GameCard\0id";s:2:"23";s:14:"\0GameCard\0type";s:8:"creature";s:19:"\0GameCard\0puissance";s:1:"3";s:15:"\0GameCard\0pvMax";s:1:"6";s:14:"\0GameCard\0mana";s:1:"3";s:17:"\0GameCard\0abilite";a:1:{i:0;s:1:"1";}s:12:"\0GameCard\0pv";s:1:"6";s:22:"\0GameCard\0localisation";i:1;s:16:"\0GameCard\0indice";i:1;s:14:"\0GameCard\0path";s:36:".\\assets\\img\\gabarit\\creature\\23.png";s:16:"\0GameCard\0active";i:0;s:17:"\0GameCard\0visable";i:1;}i:18;O:8:"GameCard":12:{s:12:"\0GameCard\0id";s:2:"13";s:14:"\0GameCard\0type";s:4:"sort";s:19:"\0GameCard\0puissance";s:1:"2";s:15:"\0GameCard\0pvMax";N;s:14:"\0GameCard\0mana";s:1:"1";s:17:"\0GameCard\0abilite";a:1:{i:0;i:0;}s:12:"\0GameCard\0pv";N;s:22:"\0GameCard\0localisation";i:1;s:16:"\0GameCard\0indice";i:1;s:14:"\0GameCard\0path";s:32:".\\assets\\img\\gabarit\\sort\\13.png";s:16:"\0GameCard\0active";i:0;s:17:"\0GameCard\0visable";i:1;}i:19;O:8:"GameCard":12:{s:12:"\0GameCard\0id";s:2:"17";s:14:"\0GameCard\0type";s:8:"creature";s:19:"\0GameCard\0puissance";s:1:"2";s:15:"\0GameCard\0pvMax";s:1:"3";s:14:"\0GameCard\0mana";s:1:"2";s:17:"\0GameCard\0abilite";a:1:{i:0;i:0;}s:12:"\0GameCard\0pv";s:1:"3";s:22:"\0GameCard\0localisation";i:1;s:16:"\0GameCard\0indice";i:2;s:14:"\0GameCard\0path";s:36:".\\assets\\img\\gabarit\\creature\\17.png";s:16:"\0GameCard\0active";i:0;s:17:"\0GameCard\0visable";i:1;}}s:15:"\0GameDeck\0heros";s:1:"2";}s:12:"\0Joueur\0main";a:0:{}s:14:"\0Joueur\0pioche";a:20:{i:0;r:1580;i:1;r:1594;i:2;r:1608;i:3;r:1622;i:4;r:1636;i:5;r:1650;i:6;r:1664;i:7;r:1678;i:8;r:1692;i:9;r:1706;i:10;r:1720;i:11;r:1734;i:12;r:1748;i:13;r:1762;i:14;r:1776;i:15;r:1790;i:16;r:1804;i:17;r:1818;i:18;r:1832;i:19;r:1846;}s:15:"\0Joueur\0plateau";a:0:{}s:16:"\0Joueur\0defausse";a:0:{}s:10:"\0Joueur\0pv";i:20;s:12:"\0Joueur\0mana";i:0;s:15:"\0Joueur\0visable";i:1;}}s:20:"\0GameController\0tour";i:1;s:19:"\0GameController\0EoG";b:0;s:21:"\0GameController\0jeton";i:0;s:28:"\0GameController\0piocheEtMana";i:1;s:13:"\0*\0parameters";a:4:{s:10:"controller";s:4:"game";s:6:"action";s:4:"wait";s:2:"id";s:1:"3";s:5:"jeton";i:0;}s:7:"\0*\0data";a:0:{}s:10:"\0*\0session";a:1:{s:4:"u_id";s:1:"7";}}', 7, 8, 1);

-- --------------------------------------------------------

--
-- Structure de la table `historique`
--

CREATE TABLE `historique` (
  `h_id` int(11) NOT NULL,
  `h_numTour` int(11) DEFAULT NULL,
  `h_attaquant` tinyint(1) DEFAULT NULL,
  `h_action` varchar(25) DEFAULT NULL,
  `h_cible` varchar(25) DEFAULT NULL,
  `h_date` date DEFAULT NULL,
  `h_partie_fk` int(11) DEFAULT NULL
) ENGINE=InnoDB DEFAULT CHARSET=utf8;

-- --------------------------------------------------------

--
-- Structure de la table `partie`
--

CREATE TABLE `partie` (
  `p_id` int(11) NOT NULL,
  `p_etat` tinyint(1) DEFAULT NULL,
  `p_gagnant` varchar(25) DEFAULT NULL,
  `p_joueur1` int(11) DEFAULT NULL,
  `p_joueur2` int(11) DEFAULT NULL
) ENGINE=InnoDB DEFAULT CHARSET=utf8;

-- --------------------------------------------------------

--
-- Structure de la table `personnage`
--

CREATE TABLE `personnage` (
  `p_id` int(11) NOT NULL,
  `p_libelle` varchar(60) NOT NULL,
  `p_pvMax` int(11) DEFAULT NULL
) ENGINE=InnoDB DEFAULT CHARSET=utf8;

--
-- Contenu de la table `personnage`
--

INSERT INTO `personnage` (`p_id`, `p_libelle`, `p_pvMax`) VALUES
(1, 'NEO', 20),
(2, 'TYRANNOSAURE REX', 20);

-- --------------------------------------------------------

--
-- Structure de la table `saloncarte`
--

CREATE TABLE `saloncarte` (
  `s_id` int(11) NOT NULL,
  `s_mana` int(11) DEFAULT NULL,
  `s_pv` int(11) DEFAULT NULL,
  `s_puissance` int(11) DEFAULT NULL,
  `s_lieu` varchar(25) DEFAULT NULL,
  `s_user_fk` int(11) DEFAULT NULL,
  `s_partie_fk` int(11) DEFAULT NULL
) ENGINE=InnoDB DEFAULT CHARSET=utf8;

-- --------------------------------------------------------

--
-- Structure de la table `s_c_composer`
--

CREATE TABLE `s_c_composer` (
  `s_c_salonCarte_fk` int(11) NOT NULL,
  `s_c_carte_fk` int(11) NOT NULL
) ENGINE=InnoDB DEFAULT CHARSET=utf8;

-- --------------------------------------------------------

--
-- Structure de la table `user`
--

CREATE TABLE `user` (
  `u_id` int(11) NOT NULL,
  `u_mail` varchar(60) DEFAULT NULL,
  `u_pseudo` varchar(60) DEFAULT NULL,
  `u_mdp` varchar(255) DEFAULT NULL,
  `u_nom` varchar(60) DEFAULT NULL,
  `u_prenom` varchar(60) DEFAULT NULL,
  `u_dateNaissance` date DEFAULT NULL,
  `u_offre` tinyint(1) NOT NULL,
  `u_question` mediumtext NOT NULL,
  `u_reponse` varchar(60) NOT NULL
) ENGINE=InnoDB DEFAULT CHARSET=utf8;

--
-- Contenu de la table `user`
--

INSERT INTO `user` (`u_id`, `u_mail`, `u_pseudo`, `u_mdp`, `u_nom`, `u_prenom`, `u_dateNaissance`, `u_offre`, `u_question`, `u_reponse`) VALUES
(1, 'arnaud.ruffault@hotmail.fr', 'Nono', 'test', 'ruffault', 'arnaud', '1990-09-07', 0, '', ''),
(2, 'amandine@mail.com', 'mignon', 'cornichon', 'di bernardo', 'amandine', '1992-11-05', 0, '', ''),
(3, 'ruffault.arnaud@gmail.com', '', '$2y$10$m9awnISVY8THZk9ZnAY9z..NiBhUQ9a58VDIPcWW.s9qz0aVskgXq', 'RUFFAULT', 'Arnaud', '1990-09-07', 0, 'ma prenom?', 'Arnaud'),
(4, 'jane.doe@gmail.com', '', '$2y$10$YbS4z/BOLXDHJPwF88NnDOg8p8QIA8nBV7ZMkSH5oYQzJc5RKlxiu', 'DOE', 'Jane', '1990-09-07', 0, 'mon prenom?', 'Jane'),
(5, 'user@mail.mail', 'user', '$2y$10$0WlGRtieSdwaC5asS8POR.fjKLbyTAmPHxzT/mahYJNbdQghfPRJK', 'user', 'user', '2011-11-11', 0, 'Pourquoi?', 'Parce que'),
(6, 'test@mail.mail', 'test', '$2y$10$TfBLqnjGzY68i29PI89iIOe0zSRfKAY.a5asKL5Eka0b2J/qCbyzy', 'test', 'test', '2010-10-10', 0, 'p', 'p'),
(7, 'user1@mail.mail', 'User1', '$2y$10$NGkAn05xK4MHUHRuAyX1se/Qiqr4LliZ2D.MKKJBvZGU0./XikW0y', 'Un', 'User', '2000-12-20', 0, 'Why?', 'Because'),
(8, 'user2@mail.mail', 'User2', '$2y$10$sSEwEdb7HJLqrS.75zNAPeyVdACoX2HMiJ5m8VW3AWvIxbdBJzFw.', 'Deux', 'User', '1998-05-10', 0, 'Why?', 'Because');

-- --------------------------------------------------------

--
-- Structure de la table `u_p_jouer`
--

CREATE TABLE `u_p_jouer` (
  `u_p_pvPersonnage` int(11) DEFAULT NULL,
  `u_p_manaPersonnage` int(11) DEFAULT NULL,
  `u_p_user_fk` int(11) NOT NULL,
  `u_p_partie_fk` int(11) NOT NULL
) ENGINE=InnoDB DEFAULT CHARSET=utf8;

--
-- Index pour les tables exportées
--

--
-- Index pour la table `abilite`
--
ALTER TABLE `abilite`
  ADD PRIMARY KEY (`a_id`);

--
-- Index pour la table `carte`
--
ALTER TABLE `carte`
  ADD PRIMARY KEY (`c_id`),
  ADD KEY `FK_carte_p_id` (`c_personnage_fk`);

--
-- Index pour la table `c_a_inclure`
--
ALTER TABLE `c_a_inclure`
  ADD PRIMARY KEY (`c_a_abilite_fk`,`c_a_carte_fk`),
  ADD KEY `FK_c_a_inclure_c_id` (`c_a_carte_fk`);

--
-- Index pour la table `deck`
--
ALTER TABLE `deck`
  ADD PRIMARY KEY (`d_id`),
  ADD KEY `FK_deck_p_id` (`d_personnage_fk`),
  ADD KEY `FK_deck_u_id` (`d_user_fk`);

--
-- Index pour la table `d_c_inclure`
--
ALTER TABLE `d_c_inclure`
  ADD PRIMARY KEY (`d_c_deck_fk`,`d_c_carte_fk`),
  ADD KEY `FK_d_c_inclure_c_id` (`d_c_carte_fk`);

--
-- Index pour la table `game`
--
ALTER TABLE `game`
  ADD PRIMARY KEY (`g_id`),
  ADD KEY `g_player1` (`g_player1`),
  ADD KEY `g_player2` (`g_player2`);

--
-- Index pour la table `historique`
--
ALTER TABLE `historique`
  ADD PRIMARY KEY (`h_id`),
  ADD KEY `FK_historique_p_id` (`h_partie_fk`);

--
-- Index pour la table `partie`
--
ALTER TABLE `partie`
  ADD PRIMARY KEY (`p_id`);

--
-- Index pour la table `personnage`
--
ALTER TABLE `personnage`
  ADD PRIMARY KEY (`p_id`);

--
-- Index pour la table `saloncarte`
--
ALTER TABLE `saloncarte`
  ADD PRIMARY KEY (`s_id`),
  ADD KEY `FK_salonCarte_u_id` (`s_user_fk`),
  ADD KEY `FK_salonCarte_p_id` (`s_partie_fk`);

--
-- Index pour la table `s_c_composer`
--
ALTER TABLE `s_c_composer`
  ADD PRIMARY KEY (`s_c_salonCarte_fk`,`s_c_carte_fk`),
  ADD KEY `FK_s_c_composer_c_id` (`s_c_carte_fk`);

--
-- Index pour la table `user`
--
ALTER TABLE `user`
  ADD PRIMARY KEY (`u_id`);

--
-- Index pour la table `u_p_jouer`
--
ALTER TABLE `u_p_jouer`
  ADD PRIMARY KEY (`u_p_user_fk`,`u_p_partie_fk`),
  ADD KEY `FK_u_p_jouer_p_id` (`u_p_partie_fk`);

--
-- AUTO_INCREMENT pour les tables exportées
--

--
-- AUTO_INCREMENT pour la table `abilite`
--
ALTER TABLE `abilite`
  MODIFY `a_id` int(11) NOT NULL AUTO_INCREMENT, AUTO_INCREMENT=4;
--
-- AUTO_INCREMENT pour la table `carte`
--
ALTER TABLE `carte`
  MODIFY `c_id` int(11) NOT NULL AUTO_INCREMENT, AUTO_INCREMENT=25;
--
-- AUTO_INCREMENT pour la table `deck`
--
ALTER TABLE `deck`
  MODIFY `d_id` int(11) NOT NULL AUTO_INCREMENT, AUTO_INCREMENT=5;
--
-- AUTO_INCREMENT pour la table `game`
--
ALTER TABLE `game`
  MODIFY `g_id` int(20) NOT NULL AUTO_INCREMENT, AUTO_INCREMENT=4;
--
-- AUTO_INCREMENT pour la table `historique`
--
ALTER TABLE `historique`
  MODIFY `h_id` int(11) NOT NULL AUTO_INCREMENT;
--
-- AUTO_INCREMENT pour la table `partie`
--
ALTER TABLE `partie`
  MODIFY `p_id` int(11) NOT NULL AUTO_INCREMENT;
--
-- AUTO_INCREMENT pour la table `personnage`
--
ALTER TABLE `personnage`
  MODIFY `p_id` int(11) NOT NULL AUTO_INCREMENT, AUTO_INCREMENT=3;
--
-- AUTO_INCREMENT pour la table `saloncarte`
--
ALTER TABLE `saloncarte`
  MODIFY `s_id` int(11) NOT NULL AUTO_INCREMENT;
--
-- AUTO_INCREMENT pour la table `user`
--
ALTER TABLE `user`
  MODIFY `u_id` int(11) NOT NULL AUTO_INCREMENT, AUTO_INCREMENT=9;
--
-- Contraintes pour les tables exportées
--

--
-- Contraintes pour la table `carte`
--
ALTER TABLE `carte`
  ADD CONSTRAINT `FK_carte_p_id` FOREIGN KEY (`c_personnage_fk`) REFERENCES `personnage` (`p_id`);

--
-- Contraintes pour la table `c_a_inclure`
--
ALTER TABLE `c_a_inclure`
  ADD CONSTRAINT `FK_c_a_inclure_a_id` FOREIGN KEY (`c_a_abilite_fk`) REFERENCES `abilite` (`a_id`),
  ADD CONSTRAINT `FK_c_a_inclure_c_id` FOREIGN KEY (`c_a_carte_fk`) REFERENCES `carte` (`c_id`);

--
-- Contraintes pour la table `deck`
--
ALTER TABLE `deck`
  ADD CONSTRAINT `FK_deck_p_id` FOREIGN KEY (`d_personnage_fk`) REFERENCES `personnage` (`p_id`),
  ADD CONSTRAINT `FK_deck_u_id` FOREIGN KEY (`d_user_fk`) REFERENCES `user` (`u_id`);

--
-- Contraintes pour la table `d_c_inclure`
--
ALTER TABLE `d_c_inclure`
  ADD CONSTRAINT `FK_d_c_inclure_c_id` FOREIGN KEY (`d_c_carte_fk`) REFERENCES `carte` (`c_id`),
  ADD CONSTRAINT `FK_d_c_inclure_d_id` FOREIGN KEY (`d_c_deck_fk`) REFERENCES `deck` (`d_id`);

--
-- Contraintes pour la table `game`
--
ALTER TABLE `game`
  ADD CONSTRAINT `game_ibfk_1` FOREIGN KEY (`g_player1`) REFERENCES `user` (`u_id`) ON DELETE CASCADE ON UPDATE CASCADE,
  ADD CONSTRAINT `game_ibfk_2` FOREIGN KEY (`g_player2`) REFERENCES `user` (`u_id`) ON DELETE CASCADE ON UPDATE CASCADE;

--
-- Contraintes pour la table `historique`
--
ALTER TABLE `historique`
  ADD CONSTRAINT `FK_historique_p_id` FOREIGN KEY (`h_partie_fk`) REFERENCES `partie` (`p_id`);

--
-- Contraintes pour la table `saloncarte`
--
ALTER TABLE `saloncarte`
  ADD CONSTRAINT `FK_salonCarte_p_id` FOREIGN KEY (`s_partie_fk`) REFERENCES `partie` (`p_id`),
  ADD CONSTRAINT `FK_salonCarte_u_id` FOREIGN KEY (`s_user_fk`) REFERENCES `user` (`u_id`);

--
-- Contraintes pour la table `s_c_composer`
--
ALTER TABLE `s_c_composer`
  ADD CONSTRAINT `FK_s_c_composer_c_id` FOREIGN KEY (`s_c_carte_fk`) REFERENCES `carte` (`c_id`),
  ADD CONSTRAINT `FK_s_c_composer_s_id` FOREIGN KEY (`s_c_salonCarte_fk`) REFERENCES `saloncarte` (`s_id`),
  ADD CONSTRAINT `s_c_composer_ibfk_1` FOREIGN KEY (`s_c_salonCarte_fk`) REFERENCES `saloncarte` (`s_id`) ON DELETE CASCADE ON UPDATE CASCADE;

--
-- Contraintes pour la table `u_p_jouer`
--
ALTER TABLE `u_p_jouer`
  ADD CONSTRAINT `FK_u_p_jouer_p_id` FOREIGN KEY (`u_p_partie_fk`) REFERENCES `partie` (`p_id`),
  ADD CONSTRAINT `FK_u_p_jouer_u_id` FOREIGN KEY (`u_p_user_fk`) REFERENCES `user` (`u_id`);

/*!40101 SET CHARACTER_SET_CLIENT=@OLD_CHARACTER_SET_CLIENT */;
/*!40101 SET CHARACTER_SET_RESULTS=@OLD_CHARACTER_SET_RESULTS */;
/*!40101 SET COLLATION_CONNECTION=@OLD_COLLATION_CONNECTION */;
